distance_km,mode,mode_code,hour_of_day,is_peak,transfers,fare_lkr
183.02,train,3,8,1,0,984.0
185.21,bus,2,5,0,2,1257.0
217.07,train,3,12,0,0,1273.0
130.56,bus,2,15,0,1,797.0
0.21,walk,0,6,0,0,0.0
56.01,taxi,4,18,1,0,8651.0
78.42,train,3,15,0,0,570.0
72.74,train,3,3,0,0,442.0
7.01,tuk,1,22,0,0,947.0
206.55,bus,2,1,0,0,1373.0
163.86,bus,2,15,0,2,993.0
33.3,train,3,10,0,0,266.0
78.09,bus,2,15,0,0,571.0
122.72,train,3,18,1,1,922.0
34.48,bus,2,16,0,0,256.0
12.86,tuk,1,15,0,0,1615.0
164.28,bus,2,20,0,1,949.0
1.96,walk,0,16,0,0,0.0
317.41,train,3,19,1,0,1584.0
44.32,bus,2,9,1,1,348.0
349.23,train,3,4,0,0,1763.0
206.19,bus,2,5,0,1,1421.0
107.04,taxi,4,14,0,0,15727.0
349.38,train,3,12,0,2,2070.0
345.19,train,3,1,0,0,1691.0
15.48,tuk,1,4,0,0,1838.0
106.74,bus,2,23,0,0,636.0
1.48,walk,0,17,1,0,0.0
16.97,tuk,1,18,1,0,1810.0
31.09,bus,2,4,0,0,187.0
317.14,train,3,1,0,0,1746.0
133.61,taxi,4,6,0,0,20198.0
0.55,tuk,1,20,0,0,190.0
145.29,bus,2,12,0,0,983.0
177.67,bus,2,18,1,0,870.0
6.68,tuk,1,11,0,0,870.0
10.8,tuk,1,11,0,0,1146.0
191.63,bus,2,14,0,1,1028.0
8.74,tuk,1,23,0,0,1163.0
234.12,bus,2,10,0,0,1487.0
159.96,bus,2,14,0,0,860.0
149.53,train,3,22,0,0,774.0
320.35,train,3,8,1,1,1963.0
17.09,tuk,1,20,0,0,1691.0
181.59,train,3,12,0,0,966.0
151.8,train,3,21,0,0,871.0
208.41,bus,2,11,0,0,1070.0
11.27,tuk,1,15,0,0,1358.0
129.82,bus,2,7,1,0,745.0
8.98,tuk,1,15,0,0,1125.0
5.1,tuk,1,7,1,0,680.0
1.13,walk,0,14,0,0,0.0
293.35,train,3,18,1,0,1422.0
18.91,bus,2,10,0,0,155.0
104.09,train,3,10,0,0,635.0
127.02,train,3,7,1,0,758.0
112.89,bus,2,17,1,0,690.0
204.98,bus,2,14,0,1,1276.0
13.07,tuk,1,12,0,0,1411.0
17.21,tuk,1,0,0,0,1806.0
212.94,bus,2,2,0,0,1094.0
90.23,bus,2,0,0,0,630.0
73.9,bus,2,20,0,0,480.0
342.55,train,3,20,0,0,1534.0
238.39,bus,2,1,0,0,1255.0
54.38,bus,2,1,0,1,397.0
59.63,bus,2,18,1,0,443.0
11.04,tuk,1,12,0,0,1223.0
1.05,walk,0,7,1,0,0.0
48.33,bus,2,14,0,0,382.0
17.58,tuk,1,5,0,0,1893.0
52.8,bus,2,4,0,1,413.0
244.84,train,3,8,1,0,1542.0
3.09,tuk,1,21,0,0,461.0
0.58,walk,0,18,1,0,0.0
11.3,tuk,1,4,0,0,1255.0
13.36,tuk,1,13,0,0,1649.0
163.81,bus,2,21,0,0,900.0
55.68,bus,2,22,0,1,449.0
339.0,train,3,18,1,0,1879.0
87.7,bus,2,3,0,0,570.0
219.68,bus,2,5,0,0,1278.0
107.68,train,3,5,0,0,591.0
11.17,tuk,1,3,0,0,1381.0
1.02,walk,0,4,0,0,0.0
0.6,walk,0,7,1,0,0.0
280.34,train,3,13,0,0,1709.0
155.15,bus,2,9,1,0,947.0
9.55,tuk,1,10,0,0,1004.0
149.25,bus,2,5,0,0,724.0
2.13,tuk,1,3,0,0,348.0
163.81,bus,2,23,0,1,1180.0
12.21,bus,2,14,0,0,139.0
78.02,bus,2,5,0,0,515.0
18.26,tuk,1,19,1,0,1866.0
98.95,bus,2,19,1,0,515.0
79.74,bus,2,23,0,0,564.0
1.91,walk,0,3,0,0,0.0
4.16,tuk,1,15,0,0,605.0
78.81,taxi,4,23,0,0,11582.0
62.23,train,3,19,1,0,526.0
221.79,bus,2,5,0,0,1261.0
8.19,tuk,1,21,0,0,1039.0
127.6,taxi,4,10,0,0,17846.0
162.53,train,3,11,0,0,883.0
38.45,train,3,13,0,0,314.0
61.07,bus,2,18,1,0,363.0
12.15,tuk,1,2,0,0,1324.0
0.89,walk,0,12,0,0,0.0
111.13,train,3,19,1,1,789.0
19.34,bus,2,13,0,1,218.0
2.54,tuk,1,6,0,0,442.0
5.56,tuk,1,1,0,0,738.0
44.39,bus,2,13,0,1,424.0
1.34,tuk,1,16,0,0,297.0
190.86,train,3,13,0,0,1225.0
336.05,train,3,23,0,1,1798.0
325.52,train,3,14,0,1,1665.0
237.05,bus,2,12,0,0,1394.0
28.01,bus,2,1,0,1,235.0
122.39,bus,2,13,0,0,772.0
73.12,bus,2,4,0,0,488.0
1.65,walk,0,17,1,0,0.0
210.82,bus,2,3,0,0,1338.0
0.79,walk,0,21,0,0,0.0
5.55,bus,2,7,1,0,87.0
12.7,tuk,1,10,0,0,1352.0
18.97,tuk,1,3,0,0,2085.0
10.0,tuk,1,5,0,0,1155.0
240.72,bus,2,22,0,0,1327.0
6.73,tuk,1,6,0,0,720.0
158.86,train,3,12,0,0,996.0
105.6,bus,2,23,0,1,799.0
14.45,tuk,1,14,0,0,1798.0
174.59,bus,2,0,0,0,1188.0
1.88,walk,0,8,1,0,0.0
90.35,taxi,4,9,1,0,13905.0
178.86,bus,2,6,0,1,1017.0
268.24,train,3,5,0,1,1304.0
0.34,walk,0,12,0,0,0.0
245.21,bus,2,9,1,0,1288.0
246.25,bus,2,7,1,0,1251.0
346.34,train,3,9,1,0,1571.0
35.85,bus,2,8,1,1,326.0
30.0,bus,2,5,0,0,224.0
1.37,tuk,1,10,0,0,319.0
10.82,tuk,1,22,0,0,1257.0
53.77,bus,2,12,0,0,399.0
11.4,bus,2,14,0,0,131.0
0.66,walk,0,23,0,0,0.0
102.16,train,3,14,0,1,662.0
210.09,train,3,5,0,0,1253.0
11.79,tuk,1,9,1,0,1476.0
236.34,bus,2,11,0,0,1467.0
9.08,tuk,1,11,0,0,1120.0
201.07,bus,2,3,0,1,1185.0
1.36,tuk,1,2,0,0,277.0
74.24,bus,2,8,1,0,414.0
210.49,train,3,21,0,0,1259.0
186.8,train,3,17,1,0,1165.0
19.49,tuk,1,20,0,0,2312.0
95.8,train,3,4,0,0,584.0
4.84,tuk,1,9,1,0,668.0
1.41,walk,0,13,0,0,0.0
244.15,bus,2,10,0,0,1616.0
150.11,bus,2,10,0,0,987.0
206.51,train,3,8,1,0,1038.0
185.71,train,3,1,0,0,1236.0
12.67,tuk,1,20,0,0,1536.0
128.26,taxi,4,22,0,0,17618.0
18.13,tuk,1,1,0,0,2035.0
114.75,bus,2,9,1,0,784.0
12.07,tuk,1,12,0,0,1301.0
148.25,train,3,18,1,0,990.0
19.48,tuk,1,23,0,0,2246.0
0.55,walk,0,9,1,0,0.0
20.42,bus,2,17,1,1,214.0
50.03,taxi,4,22,0,0,8195.0
323.5,train,3,19,1,0,1840.0
333.04,train,3,6,0,0,1565.0
218.63,train,3,19,1,1,1449.0
238.92,train,3,9,1,0,1454.0
94.31,bus,2,0,0,1,564.0
8.13,tuk,1,18,1,0,918.0
61.36,train,3,20,0,0,489.0
192.88,bus,2,8,1,0,1176.0
25.46,bus,2,10,0,1,260.0
1.87,walk,0,8,1,0,0.0
80.19,train,3,2,0,0,506.0
19.51,tuk,1,23,0,0,2259.0
139.44,train,3,0,0,0,933.0
9.71,tuk,1,13,0,0,1165.0
10.33,tuk,1,0,0,0,1116.0
149.37,train,3,16,0,1,872.0
19.01,tuk,1,21,0,0,2080.0
13.92,tuk,1,15,0,0,1544.0
73.04,bus,2,14,0,0,483.0
88.42,train,3,19,1,0,518.0
13.51,tuk,1,23,0,0,1479.0
17.95,tuk,1,20,0,0,1899.0
118.28,train,3,5,0,0,792.0
49.35,taxi,4,13,0,0,7553.0
138.32,bus,2,19,1,0,917.0
14.14,tuk,1,7,1,0,1666.0
1.0,walk,0,16,0,0,0.0
4.24,tuk,1,0,0,0,580.0
11.9,tuk,1,21,0,0,1294.0
207.87,bus,2,14,0,0,1305.0
11.55,tuk,1,17,1,0,1428.0
208.84,bus,2,19,1,0,1070.0
17.43,bus,2,5,0,1,248.0
133.74,bus,2,10,0,1,750.0
3.85,tuk,1,20,0,0,607.0
139.92,train,3,3,0,0,741.0
127.0,train,3,19,1,0,746.0
150.77,train,3,6,0,0,931.0
8.48,tuk,1,13,0,0,1030.0
11.54,tuk,1,12,0,0,1226.0
72.58,train,3,16,0,0,507.0
143.65,bus,2,20,0,0,841.0
1.69,tuk,1,8,1,0,345.0
190.4,bus,2,4,0,2,1226.0
149.12,bus,2,10,0,1,1039.0
108.32,taxi,4,14,0,0,17429.0
13.87,tuk,1,18,1,0,1600.0
113.62,train,3,18,1,0,790.0
0.73,walk,0,8,1,0,0.0
27.91,bus,2,22,0,0,222.0
88.96,bus,2,1,0,0,493.0
12.05,tuk,1,2,0,0,1244.0
17.7,tuk,1,0,0,0,2030.0
197.08,bus,2,22,0,0,1335.0
115.8,taxi,4,4,0,0,16608.0
106.12,bus,2,14,0,1,664.0
51.99,train,3,19,1,0,366.0
341.32,train,3,18,1,0,2098.0
165.65,bus,2,22,0,0,1044.0
297.63,train,3,1,0,0,1538.0
1.09,walk,0,9,1,0,0.0
7.54,tuk,1,12,0,0,908.0
154.53,train,3,16,0,0,799.0
165.51,train,3,14,0,0,816.0
16.63,tuk,1,13,0,0,1872.0
210.35,bus,2,7,1,1,1360.0
55.72,bus,2,2,0,1,479.0
191.46,train,3,10,0,0,1122.0
9.48,bus,2,6,0,1,142.0
73.44,bus,2,13,0,0,498.0
75.57,bus,2,19,1,0,547.0
142.75,bus,2,13,0,1,903.0
156.29,bus,2,13,0,0,910.0
294.39,train,3,1,0,1,1824.0
162.3,bus,2,15,0,0,1063.0
5.0,tuk,1,10,0,0,638.0
2.69,tuk,1,2,0,0,427.0
17.5,train,3,5,0,0,230.0
264.89,train,3,18,1,0,1518.0
13.17,tuk,1,22,0,0,1577.0
1.6,walk,0,12,0,0,0.0
40.67,bus,2,23,0,0,241.0
5.25,tuk,1,4,0,0,768.0
154.19,train,3,7,1,0,892.0
15.98,tuk,1,22,0,0,1831.0
16.15,tuk,1,4,0,0,1750.0
190.73,train,3,15,0,0,1096.0
11.89,tuk,1,5,0,0,1320.0
0.54,tuk,1,7,1,0,210.0
3.23,tuk,1,11,0,0,465.0
12.93,tuk,1,8,1,0,1516.0
1.76,walk,0,20,0,0,0.0
0.97,walk,0,23,0,0,0.0
2.0,tuk,1,12,0,0,358.0
1.33,walk,0,12,0,0,0.0
109.59,bus,2,1,0,0,573.0
247.03,bus,2,5,0,0,1272.0
44.78,bus,2,0,0,0,303.0
2.74,tuk,1,20,0,0,452.0
173.07,bus,2,5,0,0,1167.0
80.7,train,3,8,1,0,439.0
318.37,train,3,20,0,0,1746.0
0.11,walk,0,17,1,0,0.0
12.92,tuk,1,14,0,0,1366.0
5.58,tuk,1,0,0,0,696.0
0.78,tuk,1,13,0,0,239.0
19.06,bus,2,13,0,0,138.0
65.7,bus,2,7,1,0,415.0
1.96,walk,0,17,1,0,0.0
34.32,bus,2,22,0,0,208.0
143.14,bus,2,6,0,0,786.0
18.51,tuk,1,7,1,0,1887.0
168.05,train,3,7,1,0,1104.0
0.76,walk,0,20,0,0,0.0
345.14,train,3,1,0,0,1979.0
1.38,walk,0,21,0,0,0.0
275.03,train,3,18,1,0,1527.0
304.95,train,3,11,0,0,1787.0
9.63,taxi,4,14,0,0,1992.0
124.42,train,3,21,0,0,750.0
65.16,train,3,18,1,0,361.0
139.63,bus,2,6,0,0,828.0
58.09,train,3,1,0,0,339.0
3.06,tuk,1,15,0,0,464.0
5.97,bus,2,3,0,0,71.0
14.71,bus,2,2,0,1,197.0
184.77,train,3,23,0,1,1101.0
93.99,bus,2,11,0,0,592.0
191.98,bus,2,15,0,0,1058.0
161.69,bus,2,5,0,0,879.0
11.56,tuk,1,2,0,0,1320.0
17.2,tuk,1,1,0,0,2047.0
182.06,bus,2,8,1,0,1194.0
63.32,bus,2,0,0,0,395.0
12.11,tuk,1,10,0,0,1266.0
168.05,bus,2,7,1,0,1098.0
143.44,bus,2,12,0,0,969.0
15.17,tuk,1,14,0,0,1761.0
114.85,bus,2,7,1,1,668.0
43.49,bus,2,10,0,2,434.0
12.51,tuk,1,1,0,0,1468.0
289.31,train,3,7,1,1,1558.0
202.43,train,3,23,0,0,1167.0
105.17,bus,2,23,0,0,559.0
15.75,tuk,1,11,0,0,1790.0
198.19,bus,2,22,0,1,1327.0
211.44,train,3,12,0,1,1237.0
199.16,bus,2,3,0,1,1170.0
229.42,train,3,20,0,0,1477.0
239.44,bus,2,9,1,0,1198.0
27.1,bus,2,14,0,0,185.0
14.76,tuk,1,15,0,0,1558.0
74.98,train,3,7,1,0,484.0
12.14,tuk,1,17,1,0,1544.0
200.34,bus,2,12,0,2,1115.0
215.15,train,3,8,1,0,1355.0
5.44,tuk,1,7,1,0,680.0
99.92,bus,2,17,1,1,587.0
0.27,walk,0,5,0,0,0.0
151.08,train,3,2,0,0,857.0
1.57,walk,0,21,0,0,0.0
22.59,train,3,7,1,0,264.0
14.58,tuk,1,15,0,0,1802.0
8.58,taxi,4,17,1,0,1853.0
31.01,train,3,20,0,0,271.0
178.07,bus,2,15,0,1,1022.0
95.03,train,3,16,0,0,511.0
316.99,train,3,20,0,0,1990.0
151.28,train,3,22,0,1,849.0
10.26,tuk,1,1,0,0,1224.0
110.67,bus,2,17,1,0,600.0
1.52,walk,0,4,0,0,0.0
105.52,bus,2,21,0,1,656.0
9.66,tuk,1,1,0,0,1221.0
98.1,bus,2,5,0,0,556.0
240.58,bus,2,4,0,1,1321.0
112.13,bus,2,14,0,1,631.0
192.43,bus,2,0,0,1,1027.0
165.29,train,3,0,0,0,905.0
339.87,train,3,12,0,0,1929.0
5.6,bus,2,23,0,0,109.0
141.56,bus,2,12,0,0,845.0
320.83,train,3,10,0,0,1691.0
1.6,tuk,1,15,0,0,310.0
1.12,tuk,1,13,0,0,269.0
1.29,walk,0,9,1,0,0.0
135.46,bus,2,14,0,0,874.0
188.4,bus,2,0,0,0,941.0
310.49,train,3,5,0,0,1554.0
233.68,bus,2,16,0,1,1610.0
17.54,tuk,1,8,1,0,1881.0
24.96,train,3,1,0,0,252.0
248.16,train,3,2,0,0,1441.0
6.33,tuk,1,20,0,0,899.0
164.41,bus,2,7,1,0,1069.0
19.86,tuk,1,0,0,0,2397.0
14.6,tuk,1,17,1,0,1683.0
16.63,tuk,1,12,0,0,1634.0
127.72,train,3,10,0,1,937.0
75.77,bus,2,21,0,1,518.0
32.18,bus,2,7,1,0,221.0
36.95,train,3,13,0,0,338.0
26.85,bus,2,17,1,0,259.0
325.96,train,3,14,0,0,1497.0
302.1,train,3,4,0,1,1907.0
152.77,bus,2,16,0,0,940.0
57.98,bus,2,17,1,0,437.0
23.35,taxi,4,2,0,0,4122.0
25.22,train,3,3,0,0,204.0
35.07,taxi,4,16,0,0,5069.0
5.69,tuk,1,2,0,0,772.0
157.21,train,3,21,0,0,773.0
59.52,bus,2,2,0,0,364.0
19.42,tuk,1,23,0,0,2047.0
122.69,bus,2,16,0,1,869.0
115.03,bus,2,10,0,1,881.0
1.05,walk,0,6,0,0,0.0
121.26,bus,2,8,1,0,672.0
222.23,train,3,17,1,1,1495.0
7.3,tuk,1,18,1,0,1010.0
68.01,bus,2,5,0,0,429.0
184.88,bus,2,13,0,0,887.0
10.17,tuk,1,23,0,0,1217.0
63.85,train,3,6,0,0,416.0
31.7,train,3,16,0,0,272.0
2.7,tuk,1,4,0,0,379.0
80.71,taxi,4,20,0,0,13370.0
321.33,train,3,4,0,0,1515.0
6.84,tuk,1,7,1,0,958.0
208.73,train,3,11,0,0,1167.0
6.41,tuk,1,8,1,0,765.0
8.59,taxi,4,4,0,0,1657.0
249.4,bus,2,15,0,0,1563.0
109.62,bus,2,0,0,0,764.0
1.97,walk,0,23,0,0,0.0
264.93,train,3,1,0,0,1512.0
0.66,walk,0,8,1,0,0.0
10.64,tuk,1,22,0,0,1144.0
3.35,tuk,1,3,0,0,518.0
113.36,train,3,1,0,0,774.0
7.37,tuk,1,17,1,0,870.0
224.65,train,3,1,0,0,1352.0
98.3,bus,2,21,0,0,471.0
1.96,walk,0,10,0,0,0.0
1.99,walk,0,20,0,0,0.0
1.59,walk,0,5,0,0,0.0
44.74,bus,2,3,0,2,369.0
31.43,train,3,23,0,1,398.0
8.11,tuk,1,18,1,0,915.0
215.05,train,3,21,0,1,1177.0
1.4,walk,0,7,1,0,0.0
278.89,train,3,9,1,1,1572.0
140.29,train,3,13,0,0,803.0
292.59,train,3,10,0,0,1695.0
207.22,bus,2,5,0,0,1364.0
159.01,train,3,9,1,2,1089.0
0.39,walk,0,14,0,0,0.0
14.43,tuk,1,0,0,0,1625.0
18.2,tuk,1,8,1,0,2203.0
190.43,bus,2,7,1,1,1207.0
301.77,train,3,1,0,0,1891.0
248.02,bus,2,2,0,0,1413.0
307.3,train,3,11,0,0,1379.0
17.39,tuk,1,2,0,0,2010.0
68.57,train,3,8,1,0,495.0
2.35,tuk,1,13,0,0,382.0
5.27,tuk,1,20,0,0,703.0
170.91,train,3,2,0,1,1022.0
37.89,taxi,4,10,0,0,6062.0
144.98,bus,2,2,0,0,975.0
1.58,walk,0,10,0,0,0.0
28.4,bus,2,11,0,1,245.0
0.99,walk,0,19,1,0,0.0
192.6,train,3,10,0,0,855.0
223.99,train,3,22,0,0,1283.0
16.65,tuk,1,3,0,0,1831.0
1.2,walk,0,1,0,0,0.0
6.58,tuk,1,0,0,0,751.0
126.24,taxi,4,8,1,0,17771.0
146.38,bus,2,4,0,0,934.0
275.19,train,3,2,0,0,1613.0
81.09,bus,2,5,0,2,638.0
73.43,bus,2,23,0,0,472.0
5.62,tuk,1,19,1,0,791.0
271.29,train,3,0,0,0,1264.0
19.39,tuk,1,21,0,0,2190.0
249.69,bus,2,4,0,0,1250.0
107.62,bus,2,9,1,0,662.0
222.24,bus,2,7,1,1,1104.0
298.02,train,3,9,1,0,1722.0
11.52,tuk,1,18,1,0,1454.0
168.65,bus,2,17,1,0,1016.0
178.85,bus,2,14,0,0,882.0
163.27,bus,2,15,0,0,854.0
8.33,tuk,1,17,1,0,1079.0
19.53,tuk,1,4,0,0,1930.0
11.59,tuk,1,9,1,0,1233.0
15.74,tuk,1,2,0,0,1611.0
173.72,bus,2,16,0,1,942.0
116.36,bus,2,10,0,1,700.0
131.85,bus,2,15,0,0,888.0
78.21,bus,2,13,0,1,540.0
65.61,bus,2,6,0,0,418.0
13.51,tuk,1,3,0,0,1549.0
55.12,bus,2,23,0,0,418.0
0.99,tuk,1,7,1,0,274.0
1.95,walk,0,2,0,0,0.0
62.72,bus,2,7,1,0,427.0
169.24,bus,2,21,0,0,806.0
19.51,tuk,1,6,0,0,2174.0
83.77,bus,2,23,0,1,535.0
161.41,bus,2,11,0,1,1031.0
335.39,train,3,20,0,1,2162.0
149.64,bus,2,15,0,0,723.0
244.35,bus,2,1,0,0,1478.0
4.53,tuk,1,12,0,0,623.0
206.09,train,3,10,0,0,968.0
111.88,bus,2,4,0,0,624.0
221.72,bus,2,13,0,0,1101.0
158.75,bus,2,2,0,0,782.0
129.7,bus,2,16,0,0,735.0
161.56,bus,2,19,1,2,1147.0
302.24,train,3,2,0,0,1425.0
334.57,train,3,11,0,0,1857.0
240.95,train,3,15,0,0,1165.0
33.19,bus,2,1,0,0,208.0
94.02,bus,2,9,1,0,604.0
61.96,train,3,6,0,0,443.0
5.29,tuk,1,0,0,0,728.0
226.82,train,3,19,1,0,1204.0
17.79,bus,2,10,0,0,194.0
1.93,tuk,1,18,1,0,365.0
0.53,walk,0,14,0,0,0.0
291.29,train,3,21,0,1,1572.0
1.57,walk,0,23,0,0,0.0
3.17,tuk,1,14,0,0,499.0
18.31,tuk,1,8,1,0,2149.0
9.95,tuk,1,10,0,0,1104.0
14.68,tuk,1,19,1,0,1701.0
80.41,train,3,10,0,0,464.0
1.06,walk,0,12,0,0,0.0
191.89,train,3,4,0,2,1382.0
227.09,train,3,23,0,0,1191.0
150.86,bus,2,15,0,1,977.0
14.99,tuk,1,7,1,0,1800.0
60.06,bus,2,14,0,0,419.0
19.39,tuk,1,9,1,0,2022.0
162.98,bus,2,3,0,0,1070.0
47.83,taxi,4,20,0,0,7752.0
134.74,taxi,4,21,0,0,18407.0
181.77,train,3,20,0,0,895.0
17.07,tuk,1,8,1,0,2052.0
169.99,bus,2,6,0,1,1021.0
326.94,train,3,1,0,0,1908.0
209.51,bus,2,17,1,0,1425.0
218.34,bus,2,7,1,0,1473.0
0.86,walk,0,21,0,0,0.0
2.63,tuk,1,20,0,0,445.0
103.98,bus,2,3,0,0,561.0
6.15,tuk,1,22,0,0,727.0
17.21,tuk,1,3,0,0,2098.0
66.0,train,3,11,0,0,464.0
84.71,taxi,4,11,0,0,12502.0
109.07,bus,2,22,0,0,592.0
342.59,train,3,15,0,0,1561.0
139.0,taxi,4,21,0,0,21849.0
16.36,tuk,1,14,0,0,1770.0
200.64,bus,2,19,1,0,1043.0
212.32,bus,2,20,0,0,1428.0
0.81,walk,0,20,0,0,0.0
217.95,train,3,9,1,1,1172.0
235.27,bus,2,9,1,0,1586.0
23.86,bus,2,23,0,0,114.0
13.36,tuk,1,18,1,0,1554.0
11.74,tuk,1,22,0,0,1389.0
280.57,train,3,13,0,0,1734.0
1.92,walk,0,22,0,0,0.0
17.89,tuk,1,17,1,0,1937.0
12.28,tuk,1,17,1,0,1389.0
23.74,bus,2,4,0,0,219.0
76.53,bus,2,13,0,0,434.0
174.89,bus,2,17,1,0,1090.0
1.13,walk,0,18,1,0,0.0
15.66,tuk,1,22,0,0,1643.0
235.26,train,3,7,1,0,1161.0
166.9,bus,2,7,1,0,1044.0
97.01,bus,2,23,0,0,540.0
13.61,bus,2,23,0,0,122.0
111.06,train,3,4,0,0,586.0
1.41,walk,0,9,1,0,0.0
184.18,bus,2,22,0,0,1135.0
112.99,bus,2,4,0,1,698.0
1.58,tuk,1,18,1,0,350.0
23.94,train,3,2,0,0,270.0
228.45,bus,2,4,0,0,1272.0
319.69,train,3,18,1,0,1734.0
90.2,train,3,14,0,0,641.0
46.75,bus,2,13,0,0,394.0
86.06,train,3,20,0,0,510.0
209.53,bus,2,7,1,0,1012.0
248.89,train,3,12,0,0,1167.0
13.35,tuk,1,14,0,0,1559.0
127.58,bus,2,17,1,0,642.0
19.22,bus,2,7,1,0,148.0
16.51,tuk,1,15,0,0,1889.0
92.63,bus,2,10,0,1,598.0
94.56,train,3,13,0,0,580.0
217.17,bus,2,20,0,1,1110.0
11.71,tuk,1,9,1,0,1383.0
18.0,tuk,1,16,0,0,2007.0
13.28,tuk,1,22,0,0,1624.0
1.85,walk,0,18,1,0,0.0
90.54,train,3,23,0,0,626.0
178.59,bus,2,14,0,0,969.0
2.6,tuk,1,6,0,0,424.0
66.91,bus,2,23,0,0,434.0
0.31,walk,0,15,0,0,0.0
17.88,tuk,1,5,0,0,1859.0
214.26,train,3,7,1,0,1366.0
13.22,bus,2,6,0,1,164.0
77.41,taxi,4,20,0,0,11038.0
76.39,bus,2,2,0,0,501.0
226.27,bus,2,17,1,0,1346.0
26.88,train,3,13,0,1,325.0
16.49,train,3,1,0,2,391.0
174.66,train,3,14,0,0,925.0
71.65,taxi,4,18,1,0,10884.0
342.12,train,3,17,1,0,1747.0
75.18,train,3,12,0,0,462.0
7.07,tuk,1,8,1,0,901.0
252.68,train,3,3,0,1,1248.0
7.92,bus,2,0,0,2,191.0
208.85,bus,2,8,1,1,1191.0
89.94,bus,2,15,0,0,528.0
49.86,taxi,4,0,0,0,7190.0
74.73,taxi,4,23,0,0,11848.0
4.45,tuk,1,14,0,0,563.0
67.64,train,3,7,1,0,419.0
257.91,train,3,23,0,0,1188.0
2.51,tuk,1,4,0,0,419.0
5.68,tuk,1,22,0,0,772.0
0.64,walk,0,6,0,0,0.0
119.46,train,3,9,1,2,761.0
44.67,bus,2,10,0,1,368.0
110.27,taxi,4,23,0,0,15173.0
224.67,bus,2,6,0,0,1316.0
77.42,taxi,4,23,0,0,12004.0
86.37,bus,2,8,1,0,535.0
251.32,train,3,6,0,0,1427.0
1.69,walk,0,15,0,0,0.0
47.39,bus,2,16,0,0,318.0
311.02,train,3,8,1,0,1437.0
324.64,train,3,3,0,0,1579.0
190.8,train,3,9,1,1,1247.0
1.52,walk,0,12,0,0,0.0
141.47,bus,2,0,0,0,904.0
0.53,walk,0,1,0,0,0.0
3.08,tuk,1,22,0,0,496.0
203.26,bus,2,0,0,0,1029.0
238.49,train,3,9,1,0,1319.0
236.24,train,3,18,1,0,1129.0
341.61,train,3,7,1,0,2067.0
110.33,train,3,11,0,0,762.0
140.04,train,3,2,0,0,908.0
0.93,walk,0,19,1,0,0.0
18.89,tuk,1,15,0,0,2082.0
81.53,bus,2,20,0,0,431.0
69.78,train,3,20,0,0,522.0
0.83,walk,0,8,1,0,0.0
220.48,bus,2,0,0,0,1428.0
56.53,bus,2,8,1,1,391.0
0.11,walk,0,3,0,0,0.0
207.22,bus,2,12,0,0,1182.0
17.84,train,3,3,0,0,180.0
224.9,bus,2,22,0,0,1254.0
10.01,tuk,1,14,0,0,1262.0
264.4,train,3,6,0,0,1377.0
2.6,tuk,1,22,0,0,442.0
291.84,train,3,18,1,1,1643.0
17.8,tuk,1,10,0,0,1845.0
173.25,bus,2,3,0,0,940.0
218.89,bus,2,8,1,0,1053.0
2.23,tuk,1,14,0,0,399.0
96.44,train,3,18,1,0,543.0
9.69,tuk,1,6,0,0,1018.0
0.29,walk,0,17,1,0,0.0
13.81,tuk,1,6,0,0,1606.0
233.21,train,3,5,0,0,1289.0
205.42,train,3,10,0,0,1011.0
6.35,taxi,4,3,0,0,1404.0
11.52,tuk,1,9,1,0,1438.0
174.91,bus,2,8,1,0,1086.0
14.5,tuk,1,6,0,0,1715.0
186.2,bus,2,18,1,1,976.0
57.36,taxi,4,7,1,0,8966.0
127.13,train,3,16,0,0,691.0
48.4,bus,2,17,1,0,304.0
62.7,bus,2,15,0,0,446.0
145.3,train,3,6,0,0,945.0
227.99,bus,2,19,1,0,1230.0
8.51,tuk,1,5,0,0,988.0
210.0,bus,2,6,0,2,1179.0
0.91,walk,0,20,0,0,0.0
9.73,tuk,1,8,1,0,1134.0
0.52,walk,0,16,0,0,0.0
175.65,bus,2,1,0,1,1014.0
37.91,bus,2,14,0,1,315.0
13.59,tuk,1,20,0,0,1676.0
239.08,bus,2,17,1,0,1546.0
77.36,taxi,4,13,0,0,10863.0
267.64,train,3,20,0,1,1294.0
186.18,bus,2,7,1,0,1275.0
12.41,tuk,1,9,1,0,1456.0
217.68,train,3,1,0,0,1268.0
1.02,tuk,1,16,0,0,237.0
19.98,tuk,1,17,1,0,2357.0
131.04,train,3,18,1,0,809.0
133.87,bus,2,17,1,0,723.0
94.03,train,3,3,0,0,652.0
212.07,bus,2,15,0,0,1069.0
153.02,bus,2,18,1,1,1007.0
19.53,tuk,1,4,0,0,1888.0
8.14,tuk,1,11,0,0,1047.0
11.51,tuk,1,21,0,0,1273.0
5.65,tuk,1,9,1,0,745.0
263.74,train,3,18,1,0,1445.0
13.65,tuk,1,12,0,0,1636.0
137.48,bus,2,15,0,0,687.0
280.37,train,3,15,0,0,1798.0
21.55,train,3,15,0,0,221.0
143.54,bus,2,18,1,0,725.0
155.5,bus,2,21,0,0,1001.0
97.13,taxi,4,7,1,0,14982.0
52.35,bus,2,22,0,0,385.0
231.64,train,3,15,0,0,1192.0
284.66,train,3,14,0,1,1571.0
85.33,train,3,7,1,0,584.0
5.71,tuk,1,10,0,0,731.0
36.84,bus,2,15,0,0,306.0
2.13,tuk,1,8,1,0,366.0
47.02,bus,2,6,0,0,309.0
75.43,taxi,4,19,1,0,10650.0
109.34,bus,2,9,1,0,663.0
126.12,bus,2,15,0,0,694.0
1.84,walk,0,0,0,0,0.0
66.05,taxi,4,1,0,0,9687.0
19.79,tuk,1,20,0,0,2253.0
0.17,walk,0,3,0,0,0.0
17.03,tuk,1,19,1,0,1737.0
0.62,walk,0,21,0,0,0.0
121.57,bus,2,11,0,1,692.0
196.16,bus,2,21,0,0,1085.0
19.48,tuk,1,10,0,0,2228.0
1.44,walk,0,22,0,0,0.0
5.39,tuk,1,5,0,0,751.0
53.91,bus,2,10,0,0,294.0
1.56,walk,0,9,1,0,0.0
209.56,bus,2,18,1,0,1193.0
4.34,tuk,1,1,0,0,656.0
1.51,tuk,1,19,1,0,339.0
69.05,bus,2,0,0,0,330.0
160.91,bus,2,7,1,0,1077.0
1.81,walk,0,14,0,0,0.0
17.44,tuk,1,3,0,0,1878.0
236.27,train,3,11,0,0,1064.0
1.27,walk,0,23,0,0,0.0
194.9,bus,2,19,1,1,1019.0
196.62,bus,2,0,0,0,1013.0
18.42,tuk,1,14,0,0,1904.0
165.1,bus,2,14,0,0,1077.0
175.93,train,3,1,0,1,1226.0
51.67,train,3,15,0,0,337.0
14.48,tuk,1,12,0,0,1523.0
13.95,tuk,1,16,0,0,1679.0
19.16,tuk,1,7,1,0,2330.0
44.27,bus,2,6,0,1,353.0
101.55,bus,2,17,1,0,700.0
18.6,tuk,1,17,1,0,1866.0
18.43,tuk,1,3,0,0,2008.0
284.56,train,3,5,0,1,1627.0
0.46,walk,0,14,0,0,0.0
159.1,bus,2,19,1,0,1044.0
328.03,train,3,4,0,0,1703.0
16.45,tuk,1,5,0,0,1905.0
0.9,walk,0,19,1,0,0.0
5.6,tuk,1,16,0,0,655.0
154.12,train,3,21,0,0,855.0
1.26,walk,0,18,1,0,0.0
19.46,tuk,1,22,0,0,1958.0
0.22,walk,0,4,0,0,0.0
16.25,tuk,1,6,0,0,1865.0
201.55,bus,2,5,0,0,1137.0
18.01,tuk,1,1,0,0,2098.0
219.25,bus,2,18,1,1,1118.0
233.85,bus,2,15,0,1,1294.0
309.72,train,3,2,0,0,1600.0
1.39,walk,0,4,0,0,0.0
336.46,train,3,4,0,0,1761.0
146.64,bus,2,9,1,0,788.0
17.17,tuk,1,10,0,0,1950.0
114.85,train,3,6,0,2,902.0
339.61,train,3,22,0,1,1775.0
16.75,tuk,1,5,0,0,1992.0
228.35,train,3,13,0,0,1397.0
61.7,bus,2,10,0,1,488.0
87.25,bus,2,9,1,0,604.0
74.31,taxi,4,19,1,0,10530.0
248.12,bus,2,23,0,1,1534.0
25.11,train,3,0,0,0,182.0
6.21,tuk,1,11,0,0,836.0
207.38,train,3,2,0,0,992.0
127.21,bus,2,10,0,1,896.0
10.85,tuk,1,14,0,0,1376.0
122.72,bus,2,9,1,2,841.0
4.88,tuk,1,7,1,0,703.0
0.99,walk,0,7,1,0,0.0
1.25,walk,0,7,1,0,0.0
17.63,tuk,1,7,1,0,2144.0
0.87,walk,0,8,1,0,0.0
3.27,tuk,1,16,0,0,513.0
203.04,train,3,2,0,2,1345.0
293.18,train,3,0,0,0,1401.0
114.08,train,3,12,0,0,602.0
3.88,tuk,1,16,0,0,520.0
71.77,train,3,6,0,2,715.0
195.37,bus,2,4,0,1,989.0
19.7,tuk,1,14,0,0,2067.0
7.54,tuk,1,9,1,0,939.0
97.71,bus,2,17,1,1,559.0
15.57,tuk,1,3,0,0,1784.0
209.7,bus,2,2,0,0,1117.0
103.75,taxi,4,13,0,0,14548.0
0.99,walk,0,9,1,0,0.0
1.7,walk,0,17,1,0,0.0
75.32,taxi,4,12,0,0,12401.0
50.4,bus,2,8,1,0,359.0
6.24,tuk,1,3,0,0,766.0
283.24,train,3,3,0,0,1393.0
211.17,train,3,18,1,0,1307.0
187.32,bus,2,5,0,0,1137.0
66.2,bus,2,12,0,2,568.0
1.09,tuk,1,19,1,0,286.0
1.65,walk,0,21,0,0,0.0
133.15,bus,2,6,0,2,909.0
6.48,tuk,1,2,0,0,866.0
29.94,bus,2,18,1,0,206.0
210.8,train,3,16,0,0,1032.0
0.84,walk,0,7,1,0,0.0
148.39,bus,2,14,0,0,778.0
15.01,tuk,1,4,0,0,1771.0
133.94,train,3,16,0,1,741.0
6.0,tuk,1,17,1,0,795.0
133.97,bus,2,7,1,0,866.0
81.66,bus,2,11,0,0,453.0
179.32,bus,2,8,1,0,1155.0
64.84,bus,2,0,0,1,498.0
33.33,train,3,3,0,0,288.0
153.62,bus,2,23,0,1,900.0
244.92,train,3,10,0,0,1284.0
48.5,taxi,4,3,0,0,7128.0
70.56,bus,2,1,0,0,444.0
116.4,bus,2,8,1,0,674.0
1.17,walk,0,23,0,0,0.0
92.93,train,3,9,1,0,602.0
214.97,bus,2,23,0,1,1455.0
132.65,bus,2,11,0,1,703.0
0.56,walk,0,18,1,0,0.0
306.47,train,3,18,1,0,1931.0
191.49,bus,2,0,0,0,958.0
103.73,bus,2,0,0,0,525.0
0.96,tuk,1,22,0,0,277.0
108.0,taxi,4,22,0,0,16479.0
13.22,tuk,1,3,0,0,1628.0
8.82,tuk,1,15,0,0,1071.0
15.35,train,3,22,0,0,226.0
114.04,train,3,22,0,0,781.0
7.52,tuk,1,7,1,0,912.0
182.62,bus,2,19,1,0,917.0
221.85,train,3,15,0,0,1335.0
173.93,train,3,22,0,0,1194.0
205.63,bus,2,3,0,0,1146.0
94.07,bus,2,14,0,1,723.0
200.94,train,3,0,0,0,1033.0
337.67,train,3,8,1,0,1560.0
331.31,train,3,0,0,0,1801.0
228.65,bus,2,10,0,0,1233.0
4.79,tuk,1,19,1,0,660.0
128.18,train,3,15,0,0,622.0
89.25,train,3,7,1,0,551.0
219.08,train,3,10,0,0,1053.0
1.67,walk,0,8,1,0,0.0
7.32,tuk,1,17,1,0,976.0
319.53,train,3,6,0,1,1987.0
1.51,walk,0,2,0,0,0.0
22.39,taxi,4,12,0,0,3948.0
88.01,bus,2,19,1,1,650.0
111.65,train,3,11,0,1,770.0
60.68,train,3,4,0,0,459.0
193.07,bus,2,1,0,0,955.0
10.13,tuk,1,22,0,0,1298.0
69.48,bus,2,18,1,2,601.0
132.02,bus,2,3,0,0,856.0
85.44,bus,2,1,0,1,585.0
222.19,bus,2,3,0,0,1168.0
137.25,train,3,9,1,1,810.0
57.82,bus,2,19,1,0,339.0
11.75,tuk,1,3,0,0,1271.0
59.35,bus,2,19,1,0,386.0
99.71,bus,2,0,0,2,754.0
19.15,tuk,1,17,1,0,2049.0
10.64,tuk,1,6,0,0,1168.0
166.04,bus,2,23,0,0,1017.0
19.97,tuk,1,11,0,0,2306.0
130.73,taxi,4,6,0,0,19800.0
5.13,tuk,1,5,0,0,691.0
1.65,walk,0,19,1,0,0.0
32.38,train,3,9,1,0,271.0
46.63,train,3,8,1,0,395.0
16.1,tuk,1,17,1,0,1825.0
7.55,tuk,1,12,0,0,899.0
2.58,tuk,1,15,0,0,412.0
127.06,bus,2,10,0,0,742.0
225.69,bus,2,1,0,0,1101.0
6.65,tuk,1,0,0,0,817.0
0.26,walk,0,0,0,0,0.0
198.56,bus,2,13,0,0,989.0
118.25,taxi,4,12,0,0,19195.0
227.04,bus,2,17,1,0,1228.0
180.7,bus,2,21,0,0,1080.0
1.44,tuk,1,4,0,0,278.0
3.22,tuk,1,22,0,0,485.0
15.14,tuk,1,22,0,0,1580.0
318.46,train,3,14,0,1,1629.0
256.04,train,3,12,0,0,1610.0
17.99,train,3,4,0,1,317.0
107.74,taxi,4,4,0,0,17124.0
89.17,taxi,4,0,0,0,13469.0
106.69,taxi,4,15,0,0,17327.0
0.53,walk,0,10,0,0,0.0
0.84,tuk,1,4,0,0,266.0
1.79,tuk,1,3,0,0,322.0
127.91,bus,2,1,0,0,745.0
1.36,walk,0,15,0,0,0.0
213.38,train,3,16,0,0,976.0
45.57,bus,2,15,0,0,282.0
48.71,bus,2,2,0,0,314.0
16.33,tuk,1,0,0,0,1685.0
15.59,tuk,1,2,0,0,1692.0
3.54,tuk,1,18,1,0,507.0
141.2,train,3,17,1,0,801.0
23.79,bus,2,7,1,0,159.0
255.39,train,3,1,0,0,1150.0
1.56,tuk,1,7,1,0,378.0
149.98,bus,2,19,1,0,968.0
199.19,bus,2,3,0,0,1199.0
170.14,train,3,19,1,0,884.0
169.94,train,3,11,0,0,851.0
1.48,tuk,1,3,0,0,317.0
178.36,train,3,22,0,0,1137.0
6.09,tuk,1,12,0,0,711.0
203.01,train,3,16,0,0,976.0
6.74,tuk,1,2,0,0,905.0
1.72,tuk,1,8,1,0,347.0
57.4,train,3,15,0,0,358.0
10.28,tuk,1,15,0,0,1124.0
74.75,bus,2,1,0,2,600.0
209.54,bus,2,14,0,0,1260.0
17.08,tuk,1,22,0,0,1998.0
261.13,train,3,18,1,0,1680.0
299.37,train,3,4,0,0,1473.0
18.62,train,3,21,0,0,196.0
3.93,tuk,1,16,0,0,533.0
90.43,bus,2,1,0,0,526.0
7.03,tuk,1,3,0,0,918.0
3.41,tuk,1,22,0,0,492.0
1.36,tuk,1,5,0,0,332.0
218.56,train,3,2,0,1,1268.0
26.87,train,3,10,0,0,253.0
220.29,train,3,12,0,0,1052.0
131.56,bus,2,13,0,1,815.0
18.14,bus,2,15,0,0,105.0
43.59,bus,2,23,0,0,318.0
207.19,bus,2,18,1,0,1135.0
231.21,bus,2,0,0,0,1416.0
3.83,tuk,1,2,0,0,536.0
19.22,tuk,1,0,0,0,1900.0
135.23,taxi,4,9,1,0,19379.0
75.43,bus,2,8,1,0,452.0
53.38,taxi,4,22,0,0,7848.0
14.27,tuk,1,8,1,0,1531.0
87.54,bus,2,0,0,0,517.0
13.76,tuk,1,21,0,0,1656.0
3.4,tuk,1,6,0,0,545.0
1.19,walk,0,21,0,0,0.0
3.72,tuk,1,18,1,0,556.0
154.43,train,3,21,0,0,861.0
3.53,tuk,1,19,1,0,520.0
141.07,bus,2,3,0,1,974.0
204.79,bus,2,15,0,1,1082.0
34.51,bus,2,9,1,0,277.0
23.17,bus,2,15,0,1,218.0
17.03,tuk,1,17,1,0,1944.0
53.84,taxi,4,12,0,0,7886.0
299.51,train,3,7,1,0,1445.0
109.16,train,3,21,0,0,636.0
138.08,bus,2,15,0,1,842.0
15.12,tuk,1,21,0,0,1537.0
32.84,train,3,5,0,1,318.0
13.23,tuk,1,20,0,0,1430.0
0.78,walk,0,7,1,0,0.0
16.41,tuk,1,11,0,0,1942.0
129.36,train,3,20,0,0,622.0
42.45,bus,2,8,1,1,362.0
224.06,train,3,6,0,0,1146.0
334.83,train,3,21,0,1,2014.0
1.02,tuk,1,23,0,0,250.0
247.81,train,3,7,1,0,1557.0
101.5,bus,2,7,1,0,586.0
221.98,bus,2,5,0,0,1056.0
0.62,walk,0,0,0,0,0.0
149.64,taxi,4,13,0,0,22559.0
5.68,tuk,1,6,0,0,705.0
0.92,walk,0,20,0,0,0.0
61.38,bus,2,4,0,0,312.0
0.81,tuk,1,15,0,0,259.0
1.98,tuk,1,12,0,0,367.0
152.57,bus,2,14,0,0,721.0
30.86,bus,2,2,0,0,219.0
285.47,train,3,11,0,1,1571.0
7.58,tuk,1,15,0,0,969.0
131.31,train,3,8,1,0,671.0
146.23,bus,2,20,0,0,874.0
240.46,bus,2,12,0,1,1595.0
113.16,bus,2,8,1,0,632.0
184.66,bus,2,0,0,0,1163.0
51.77,taxi,4,4,0,0,8625.0
1.83,tuk,1,11,0,0,344.0
13.46,tuk,1,9,1,0,1568.0
192.07,bus,2,20,0,0,1229.0
275.08,train,3,18,1,0,1307.0
0.55,walk,0,3,0,0,0.0
225.76,bus,2,14,0,0,1197.0
174.48,train,3,10,0,0,1081.0
102.92,train,3,2,0,2,683.0
62.0,taxi,4,15,0,0,8731.0
24.39,bus,2,12,0,0,183.0
40.48,bus,2,2,0,0,280.0
15.84,tuk,1,11,0,0,1695.0
240.75,train,3,17,1,1,1215.0
83.44,bus,2,7,1,0,506.0
62.39,train,3,8,1,0,444.0
228.45,bus,2,2,0,2,1227.0
154.16,bus,2,4,0,0,943.0
128.54,train,3,23,0,1,819.0
142.93,bus,2,14,0,0,796.0
63.81,train,3,4,0,2,606.0
100.01,bus,2,11,0,1,709.0
116.79,bus,2,4,0,0,727.0
15.64,tuk,1,10,0,0,1535.0
77.63,bus,2,3,0,1,521.0
115.7,bus,2,14,0,1,815.0
4.38,tuk,1,13,0,0,597.0
1.35,walk,0,15,0,0,0.0
54.66,bus,2,10,0,1,380.0
212.27,bus,2,6,0,1,1387.0
100.51,bus,2,5,0,1,670.0
0.91,walk,0,5,0,0,0.0
10.65,tuk,1,10,0,0,1141.0
13.21,tuk,1,10,0,0,1527.0
46.94,train,3,16,0,0,398.0
255.83,train,3,1,0,0,1209.0
12.05,tuk,1,6,0,0,1324.0
17.77,bus,2,20,0,0,154.0
17.23,tuk,1,21,0,0,1840.0
2.8,tuk,1,22,0,0,466.0
16.54,tuk,1,7,1,0,1973.0
14.41,tuk,1,3,0,0,1649.0
248.31,bus,2,4,0,0,1619.0
66.15,train,3,3,0,0,525.0
12.62,tuk,1,22,0,0,1453.0
169.41,bus,2,21,0,2,1033.0
158.86,train,3,19,1,0,760.0
14.9,taxi,4,17,1,0,2800.0
7.91,bus,2,8,1,0,106.0
13.16,tuk,1,11,0,0,1414.0
5.38,bus,2,20,0,0,100.0
10.84,tuk,1,19,1,0,1304.0
97.62,taxi,4,12,0,0,13215.0
83.99,bus,2,20,0,1,596.0
164.81,bus,2,8,1,0,1068.0
0.75,walk,0,9,1,0,0.0
45.81,bus,2,20,0,0,306.0
262.93,train,3,9,1,0,1502.0
53.47,bus,2,18,1,1,434.0
249.51,bus,2,10,0,0,1521.0
30.77,train,3,7,1,0,275.0
234.36,train,3,5,0,0,1275.0
5.31,tuk,1,14,0,0,640.0
56.58,bus,2,11,0,0,325.0
133.66,bus,2,8,1,1,724.0
215.08,bus,2,17,1,0,1262.0
15.5,tuk,1,0,0,0,1752.0
1.63,tuk,1,2,0,0,302.0
138.19,train,3,23,0,1,830.0
197.82,train,3,15,0,0,1347.0
137.63,train,3,13,0,0,886.0
36.42,taxi,4,0,0,0,5257.0
245.66,train,3,14,0,0,1267.0
28.03,train,3,10,0,0,252.0
213.41,train,3,14,0,1,1233.0
31.34,bus,2,0,0,1,266.0
151.72,bus,2,13,0,1,800.0
5.49,tuk,1,13,0,0,677.0
29.8,bus,2,6,0,0,206.0
14.44,tuk,1,1,0,0,1662.0
8.4,tuk,1,23,0,0,1036.0
213.58,bus,2,17,1,1,1494.0
199.73,bus,2,14,0,0,1111.0
14.13,tuk,1,18,1,0,1710.0
78.9,train,3,16,0,0,549.0
294.18,train,3,3,0,0,1381.0
17.8,tuk,1,10,0,0,2037.0
2.0,walk,0,21,0,0,0.0
7.5,tuk,1,6,0,0,950.0
167.42,train,3,23,0,0,830.0
62.59,train,3,1,0,0,434.0
9.14,tuk,1,7,1,0,1020.0
268.37,train,3,8,1,0,1333.0
3.97,tuk,1,14,0,0,563.0
67.04,bus,2,4,0,0,414.0
53.18,taxi,4,5,0,0,8670.0
18.85,tuk,1,15,0,0,2025.0
5.19,tuk,1,6,0,0,636.0
66.31,bus,2,21,0,1,464.0
53.02,bus,2,20,0,0,290.0
329.25,train,3,7,1,0,1609.0
57.53,taxi,4,13,0,0,8235.0
0.21,walk,0,7,1,0,0.0
8.39,tuk,1,8,1,0,1079.0
188.55,train,3,16,0,0,1198.0
5.48,tuk,1,7,1,0,701.0
270.84,train,3,3,0,0,1255.0
19.8,bus,2,6,0,0,182.0
11.9,tuk,1,22,0,0,1290.0
165.6,train,3,6,0,0,934.0
18.13,tuk,1,8,1,0,2004.0
130.32,bus,2,15,0,0,855.0
83.0,bus,2,2,0,1,554.0
146.58,bus,2,6,0,0,994.0
34.71,bus,2,4,0,1,306.0
177.32,bus,2,22,0,0,866.0
138.82,taxi,4,22,0,0,20852.0
136.76,taxi,4,18,1,0,19974.0
33.54,bus,2,5,0,1,326.0
0.93,walk,0,14,0,0,0.0
71.39,train,3,15,0,1,531.0
27.87,taxi,4,20,0,0,4424.0
11.35,tuk,1,3,0,0,1466.0
247.55,bus,2,17,1,0,1616.0
84.28,bus,2,4,0,0,584.0
0.39,walk,0,13,0,0,0.0
22.89,bus,2,21,0,0,168.0
101.06,bus,2,1,0,0,574.0
304.97,train,3,3,0,0,1566.0
216.21,train,3,19,1,0,1311.0
117.15,train,3,0,0,0,648.0
45.94,bus,2,16,0,0,270.0
1.9,tuk,1,12,0,0,333.0
254.78,train,3,8,1,0,1696.0
115.4,train,3,20,0,0,753.0
48.23,bus,2,20,0,0,376.0
175.9,train,3,7,1,0,1112.0
13.02,tuk,1,0,0,0,1606.0
145.03,train,3,3,0,0,928.0
1.13,walk,0,2,0,0,0.0
1.21,tuk,1,23,0,0,293.0
133.48,bus,2,14,0,1,944.0
0.33,walk,0,16,0,0,0.0
1.96,walk,0,5,0,0,0.0
0.14,walk,0,20,0,0,0.0
158.99,bus,2,17,1,0,839.0
171.21,train,3,18,1,2,1155.0
1.7,walk,0,11,0,0,0.0
75.7,bus,2,16,0,0,456.0
312.75,train,3,13,0,0,1536.0
18.64,tuk,1,9,1,0,2187.0
8.11,tuk,1,14,0,0,891.0
64.39,train,3,7,1,0,377.0
143.16,train,3,22,0,0,706.0
136.53,bus,2,17,1,1,945.0
319.05,train,3,17,1,0,1700.0
0.73,walk,0,17,1,0,0.0
41.34,bus,2,10,0,1,344.0
181.64,train,3,22,0,0,935.0
13.98,tuk,1,4,0,0,1663.0
252.65,train,3,13,0,0,1206.0
129.9,bus,2,1,0,1,819.0
72.69,train,3,7,1,0,563.0
65.26,bus,2,13,0,2,595.0
130.71,bus,2,11,0,1,854.0
14.1,tuk,1,22,0,0,1615.0
2.17,tuk,1,14,0,0,354.0
23.26,train,3,9,1,0,270.0
6.58,tuk,1,10,0,0,880.0
0.99,walk,0,14,0,0,0.0
9.45,tuk,1,18,1,0,1101.0
2.51,tuk,1,6,0,0,402.0
30.59,train,3,14,0,0,269.0
38.83,bus,2,13,0,1,350.0
82.05,taxi,4,0,0,0,12796.0
19.04,tuk,1,21,0,0,2314.0
158.93,bus,2,13,0,0,1011.0
88.11,bus,2,5,0,0,505.0
165.58,bus,2,15,0,1,871.0
63.6,train,3,16,0,0,461.0
101.93,taxi,4,21,0,0,14913.0
294.47,train,3,0,0,0,1863.0
9.92,tuk,1,9,1,0,1254.0
16.95,tuk,1,4,0,0,1912.0
215.38,bus,2,13,0,0,1040.0
8.24,tuk,1,12,0,0,938.0
63.19,train,3,11,0,0,403.0
174.18,bus,2,23,0,0,979.0
131.23,bus,2,12,0,1,827.0
49.09,train,3,9,1,1,447.0
67.22,train,3,1,0,1,562.0
0.98,walk,0,6,0,0,0.0
1.28,walk,0,21,0,0,0.0
57.68,bus,2,10,0,0,354.0
248.58,bus,2,21,0,0,1299.0
19.8,tuk,1,12,0,0,2362.0
57.27,bus,2,13,0,0,391.0
66.58,train,3,10,0,0,365.0
305.69,train,3,13,0,0,1792.0
195.0,bus,2,1,0,0,1103.0
148.48,bus,2,1,0,1,897.0
15.39,tuk,1,11,0,0,1539.0
97.17,bus,2,14,0,0,530.0
13.6,tuk,1,13,0,0,1636.0
102.11,bus,2,10,0,1,697.0
164.0,bus,2,7,1,0,1069.0
1.9,walk,0,17,1,0,0.0
1.3,walk,0,14,0,0,0.0
19.34,tuk,1,1,0,0,2331.0
228.6,train,3,10,0,0,1144.0
7.66,bus,2,17,1,0,82.0
19.96,tuk,1,18,1,0,2202.0
300.79,train,3,6,0,0,1781.0
28.68,bus,2,22,0,0,204.0
162.36,bus,2,15,0,0,932.0
238.45,train,3,10,0,0,1307.0
1.69,walk,0,15,0,0,0.0
13.97,tuk,1,20,0,0,1645.0
219.61,bus,2,5,0,0,1393.0
16.26,tuk,1,3,0,0,1756.0
24.39,bus,2,10,0,1,227.0
5.32,tuk,1,2,0,0,628.0
0.51,walk,0,20,0,0,0.0
4.71,tuk,1,23,0,0,601.0
173.8,bus,2,14,0,0,1162.0
17.27,tuk,1,23,0,0,1971.0
16.3,tuk,1,1,0,0,1852.0
75.38,train,3,15,0,0,476.0
5.52,tuk,1,10,0,0,687.0
162.61,bus,2,6,0,1,955.0
0.51,walk,0,7,1,0,0.0
185.35,bus,2,13,0,0,1200.0
1.41,tuk,1,15,0,0,301.0
214.36,bus,2,3,0,0,1095.0
14.19,tuk,1,14,0,0,1577.0
186.81,train,3,22,0,0,904.0
199.74,train,3,0,0,1,1234.0
1.46,walk,0,21,0,0,0.0
0.72,tuk,1,14,0,0,235.0
4.02,tuk,1,8,1,0,598.0
120.47,bus,2,17,1,0,705.0
17.16,tuk,1,14,0,0,1989.0
200.07,train,3,18,1,0,1090.0
299.05,train,3,1,0,0,1523.0
141.23,train,3,1,0,0,950.0
25.21,bus,2,15,0,0,187.0
54.24,taxi,4,7,1,0,8884.0
0.77,walk,0,5,0,0,0.0
52.89,bus,2,10,0,0,425.0
13.75,tuk,1,17,1,0,1732.0
98.54,train,3,4,0,0,550.0
73.25,bus,2,23,0,0,420.0
266.59,train,3,10,0,0,1215.0
10.33,tuk,1,3,0,0,1281.0
131.33,taxi,4,1,0,0,20682.0
159.89,bus,2,20,0,1,977.0
101.2,bus,2,2,0,1,758.0
34.59,taxi,4,10,0,0,5780.0
226.75,bus,2,16,0,0,1426.0
35.99,bus,2,12,0,1,321.0
121.83,bus,2,6,0,0,808.0
15.49,tuk,1,2,0,0,1782.0
11.88,tuk,1,17,1,0,1401.0
5.99,tuk,1,11,0,0,789.0
14.71,tuk,1,1,0,0,1803.0
47.6,train,3,4,0,0,339.0
124.98,bus,2,13,0,0,709.0
106.75,bus,2,4,0,1,653.0
109.65,bus,2,9,1,0,596.0
70.59,bus,2,2,0,0,452.0
59.33,bus,2,19,1,2,477.0
81.75,train,3,15,0,0,538.0
313.7,train,3,18,1,0,1480.0
80.41,bus,2,1,0,0,538.0
11.67,tuk,1,9,1,0,1527.0
13.56,bus,2,6,0,0,96.0
77.63,bus,2,14,0,0,472.0
233.78,bus,2,19,1,0,1502.0
189.11,bus,2,5,0,1,1183.0
175.92,bus,2,18,1,0,1113.0
3.54,tuk,1,13,0,0,498.0
13.43,tuk,1,19,1,0,1473.0
130.74,bus,2,1,0,0,759.0
0.86,walk,0,23,0,0,0.0
5.04,tuk,1,10,0,0,628.0
23.43,train,3,6,0,1,293.0
167.56,bus,2,4,0,0,1125.0
5.25,tuk,1,23,0,0,743.0
248.59,bus,2,21,0,0,1356.0
310.72,train,3,3,0,0,1686.0
2.04,tuk,1,10,0,0,363.0
151.09,train,3,17,1,0,774.0
64.62,train,3,14,0,1,513.0
98.47,bus,2,4,0,0,637.0
181.26,bus,2,8,1,0,904.0
1.25,walk,0,8,1,0,0.0
60.17,train,3,6,0,0,416.0
119.91,bus,2,23,0,0,579.0
271.95,train,3,4,0,0,1536.0
151.87,bus,2,16,0,0,980.0
0.61,walk,0,21,0,0,0.0
1.34,walk,0,19,1,0,0.0
41.28,bus,2,19,1,0,243.0
219.22,bus,2,3,0,0,1319.0
1.34,walk,0,3,0,0,0.0
49.52,train,3,18,1,0,352.0
323.43,train,3,17,1,1,1935.0
13.72,bus,2,17,1,0,144.0
212.17,bus,2,10,0,0,1090.0
0.22,walk,0,12,0,0,0.0
230.27,train,3,0,0,0,1466.0
14.99,tuk,1,6,0,0,1566.0
187.7,train,3,12,0,0,943.0
233.85,bus,2,3,0,0,1604.0
105.82,bus,2,3,0,1,605.0
8.83,tuk,1,1,0,0,1129.0
12.55,tuk,1,5,0,0,1519.0
63.83,train,3,23,0,0,487.0
23.95,bus,2,16,0,1,249.0
64.07,bus,2,22,0,0,470.0
103.79,taxi,4,6,0,0,14473.0
135.72,taxi,4,14,0,0,18620.0
274.61,train,3,21,0,0,1659.0
13.18,tuk,1,8,1,0,1488.0
173.44,bus,2,15,0,0,1206.0
122.99,train,3,16,0,0,767.0
207.66,bus,2,19,1,0,1254.0
5.77,tuk,1,23,0,0,750.0
132.25,train,3,14,0,0,880.0
41.16,bus,2,13,0,1,348.0
10.44,bus,2,20,0,0,103.0
140.46,taxi,4,16,0,0,20908.0
74.48,bus,2,8,1,0,523.0
55.12,bus,2,15,0,1,420.0
23.86,bus,2,13,0,0,225.0
186.88,bus,2,5,0,2,1099.0
15.38,tuk,1,12,0,0,1662.0
164.37,train,3,14,0,0,955.0
104.44,train,3,21,0,0,694.0
3.02,tuk,1,13,0,0,435.0
18.37,tuk,1,3,0,0,1938.0
151.2,train,3,23,0,1,892.0
1.6,walk,0,13,0,0,0.0
193.16,bus,2,6,0,0,1197.0
18.73,bus,2,18,1,0,129.0
211.85,bus,2,9,1,0,1271.0
4.72,tuk,1,8,1,0,597.0
101.64,bus,2,20,0,0,541.0
58.45,bus,2,20,0,0,379.0
201.65,bus,2,12,0,0,1107.0
1.13,walk,0,8,1,0,0.0
99.48,bus,2,20,0,1,660.0
146.47,bus,2,4,0,0,942.0
9.33,tuk,1,17,1,0,1192.0
5.58,tuk,1,14,0,0,675.0
13.94,tuk,1,20,0,0,1558.0
4.48,tuk,1,10,0,0,640.0
1.25,walk,0,19,1,0,0.0
52.7,train,3,0,0,0,317.0
64.92,bus,2,18,1,0,407.0
58.01,train,3,1,0,0,447.0
18.95,taxi,4,15,0,0,3542.0
0.99,walk,0,4,0,0,0.0
31.43,bus,2,23,0,1,295.0
219.63,train,3,18,1,1,1096.0
40.55,bus,2,2,0,0,245.0
143.73,bus,2,21,0,0,787.0
149.88,bus,2,6,0,2,833.0
1.67,walk,0,13,0,0,0.0
19.38,bus,2,2,0,0,166.0
40.26,taxi,4,2,0,0,5725.0
76.3,taxi,4,5,0,0,12238.0
1.99,walk,0,12,0,0,0.0
161.71,train,3,13,0,0,959.0
14.71,tuk,1,20,0,0,1606.0
303.92,train,3,3,0,1,1842.0
1.55,walk,0,17,1,0,0.0
145.69,train,3,0,0,0,725.0
142.82,train,3,6,0,0,759.0
7.59,tuk,1,4,0,0,996.0
0.75,walk,0,2,0,0,0.0
283.13,train,3,14,0,0,1288.0
1.76,tuk,1,21,0,0,298.0
138.2,bus,2,16,0,1,913.0
196.09,train,3,20,0,0,1279.0
156.93,bus,2,14,0,0,812.0
200.78,bus,2,1,0,0,1019.0
31.84,bus,2,8,1,0,237.0
0.11,walk,0,19,1,0,0.0
31.62,taxi,4,1,0,0,5313.0
1.01,tuk,1,2,0,0,273.0
10.45,tuk,1,20,0,0,1171.0
15.65,tuk,1,1,0,0,1725.0
136.82,taxi,4,23,0,0,21626.0
0.94,walk,0,18,1,0,0.0
312.1,train,3,15,0,0,1469.0
66.33,train,3,12,0,0,398.0
171.42,train,3,2,0,0,920.0
73.16,taxi,4,9,1,0,10372.0
182.6,train,3,19,1,0,1160.0
326.15,train,3,21,0,0,1789.0
4.11,tuk,1,10,0,0,515.0
267.31,train,3,20,0,0,1305.0
96.85,bus,2,18,1,0,674.0
105.27,bus,2,1,0,1,675.0
153.28,train,3,14,0,0,989.0
136.04,taxi,4,14,0,0,21125.0
180.34,train,3,13,0,0,916.0
147.2,bus,2,18,1,0,878.0
165.48,bus,2,21,0,0,923.0
139.22,bus,2,13,0,0,839.0
169.8,bus,2,7,1,0,922.0
168.95,bus,2,23,0,0,831.0
1.98,walk,0,23,0,0,0.0
0.4,walk,0,16,0,0,0.0
115.01,train,3,15,0,1,741.0
39.03,bus,2,2,0,1,253.0
250.84,train,3,9,1,0,1459.0
224.86,bus,2,4,0,0,1143.0
0.48,walk,0,12,0,0,0.0
10.46,tuk,1,19,1,0,1297.0
8.83,tuk,1,5,0,0,1122.0
95.3,taxi,4,23,0,0,15431.0
12.59,tuk,1,3,0,0,1587.0
244.34,bus,2,2,0,0,1314.0
349.1,train,3,23,0,0,1995.0
145.24,taxi,4,2,0,0,21859.0
13.27,tuk,1,17,1,0,1436.0
0.59,walk,0,18,1,0,0.0
8.98,tuk,1,7,1,0,1042.0
1.35,walk,0,1,0,0,0.0
13.29,tuk,1,7,1,0,1696.0
223.22,bus,2,1,0,0,1465.0
65.73,train,3,16,0,0,475.0
195.62,bus,2,21,0,0,1068.0
191.29,bus,2,23,0,0,922.0
19.68,tuk,1,19,1,0,2257.0
319.2,train,3,18,1,0,1688.0
115.51,bus,2,21,0,0,683.0
52.87,train,3,18,1,1,442.0
47.33,train,3,15,0,0,298.0
16.65,tuk,1,23,0,0,2010.0
1.47,walk,0,7,1,0,0.0
14.9,tuk,1,9,1,0,1886.0
185.43,bus,2,21,0,1,1013.0
155.38,train,3,7,1,0,732.0
242.65,bus,2,7,1,0,1329.0
240.75,train,3,3,0,0,1297.0
170.95,bus,2,6,0,1,954.0
15.96,tuk,1,14,0,0,1931.0
9.29,tuk,1,21,0,0,1031.0
166.46,bus,2,3,0,0,1102.0
248.69,bus,2,16,0,1,1663.0
20.93,bus,2,18,1,1,235.0
4.63,tuk,1,21,0,0,614.0
135.9,train,3,18,1,0,771.0
12.33,tuk,1,3,0,0,1311.0
284.3,train,3,11,0,0,1407.0
6.33,tuk,1,22,0,0,862.0
5.25,tuk,1,21,0,0,694.0
198.6,bus,2,14,0,2,1207.0
243.47,bus,2,23,0,0,1592.0
111.75,bus,2,16,0,0,743.0
86.05,bus,2,1,0,0,456.0
20.22,taxi,4,21,0,0,3372.0
77.22,bus,2,4,0,1,588.0
106.31,bus,2,9,1,0,625.0
144.41,bus,2,5,0,0,917.0
0.2,walk,0,17,1,0,0.0
127.44,bus,2,0,0,0,813.0
4.57,tuk,1,15,0,0,636.0
65.16,bus,2,20,0,0,369.0
0.95,walk,0,18,1,0,0.0
90.96,taxi,4,7,1,0,13655.0
190.22,bus,2,21,0,1,1019.0
64.64,train,3,8,1,0,447.0
133.05,bus,2,16,0,2,942.0
0.86,walk,0,12,0,0,0.0
222.55,train,3,1,0,0,1174.0
178.2,bus,2,0,0,1,1126.0
57.7,train,3,4,0,0,405.0
205.54,bus,2,22,0,0,1287.0
54.24,bus,2,22,0,1,368.0
207.28,train,3,9,1,0,1187.0
69.11,bus,2,23,0,0,371.0
12.14,tuk,1,1,0,0,1474.0
54.71,bus,2,23,0,1,425.0
226.12,bus,2,5,0,0,1165.0
28.9,taxi,4,0,0,0,4508.0
201.9,bus,2,18,1,2,1189.0
42.93,bus,2,9,1,1,377.0
54.68,train,3,7,1,0,440.0
10.5,bus,2,18,1,0,119.0
262.63,train,3,7,1,0,1362.0
86.12,bus,2,18,1,0,588.0
16.67,tuk,1,4,0,0,1808.0
302.29,train,3,2,0,0,1474.0
12.97,tuk,1,7,1,0,1499.0
9.71,tuk,1,14,0,0,1218.0
131.96,bus,2,5,0,0,868.0
123.59,train,3,3,0,1,848.0
32.69,train,3,17,1,0,246.0
0.72,tuk,1,11,0,0,234.0
6.33,tuk,1,10,0,0,877.0
94.08,taxi,4,5,0,0,14688.0
2.09,tuk,1,0,0,0,388.0
14.31,tuk,1,1,0,0,1669.0
15.82,tuk,1,16,0,0,1956.0
155.56,bus,2,1,0,1,1092.0
70.1,train,3,5,0,1,520.0
87.03,train,3,21,0,0,598.0
58.77,train,3,8,1,0,390.0
15.99,tuk,1,17,1,0,1867.0
28.95,bus,2,8,1,0,202.0
98.54,bus,2,22,0,0,705.0
12.36,tuk,1,19,1,0,1302.0
11.33,tuk,1,11,0,0,1426.0
15.75,tuk,1,16,0,0,1665.0
18.58,tuk,1,9,1,0,2160.0
219.62,bus,2,22,0,1,1162.0
348.5,train,3,8,1,0,1868.0
0.44,walk,0,20,0,0,0.0
41.49,bus,2,14,0,0,285.0
186.6,train,3,15,0,0,973.0
245.59,train,3,8,1,0,1185.0
68.67,train,3,19,1,0,396.0
79.87,bus,2,17,1,0,446.0
35.63,train,3,19,1,0,322.0
12.21,tuk,1,19,1,0,1576.0
163.92,bus,2,3,0,0,870.0
2.23,tuk,1,21,0,0,350.0
172.02,bus,2,20,0,1,1215.0
169.3,bus,2,5,0,0,1037.0
8.97,tuk,1,23,0,0,1140.0
285.65,train,3,12,0,0,1787.0
11.1,tuk,1,7,1,0,1346.0
14.4,tuk,1,5,0,0,1646.0
17.26,tuk,1,8,1,0,1938.0
146.28,bus,2,0,0,0,1005.0
6.1,tuk,1,16,0,0,838.0
109.35,bus,2,16,0,0,653.0
5.85,tuk,1,16,0,0,731.0
223.3,train,3,13,0,0,1184.0
333.64,train,3,8,1,0,1806.0
95.43,bus,2,17,1,0,512.0
102.98,bus,2,20,0,2,619.0
250.57,train,3,2,0,0,1173.0
68.79,taxi,4,9,1,0,11323.0
161.19,bus,2,23,0,0,803.0
72.85,train,3,20,0,0,495.0
201.33,train,3,23,0,0,906.0
219.04,train,3,4,0,1,1369.0
169.02,bus,2,11,0,0,1017.0
0.6,walk,0,3,0,0,0.0
1.63,walk,0,20,0,0,0.0
249.15,bus,2,12,0,1,1652.0
171.04,bus,2,5,0,0,975.0
61.66,bus,2,2,0,0,449.0
198.28,bus,2,17,1,1,1199.0
32.74,bus,2,19,1,0,269.0
54.83,train,3,21,0,0,434.0
10.09,tuk,1,23,0,0,1180.0
7.55,tuk,1,19,1,0,887.0
320.86,train,3,18,1,0,1944.0
293.47,train,3,19,1,0,1392.0
24.63,taxi,4,23,0,0,4350.0
157.46,train,3,11,0,1,1012.0
72.6,train,3,18,1,0,486.0
4.31,tuk,1,19,1,0,613.0
128.39,bus,2,2,0,0,880.0
3.5,tuk,1,16,0,0,544.0
222.24,bus,2,8,1,0,1384.0
130.43,train,3,3,0,0,706.0
13.13,tuk,1,4,0,0,1490.0
234.45,bus,2,2,0,0,1347.0
13.65,tuk,1,21,0,0,1355.0
2.5,tuk,1,18,1,0,468.0
1.79,tuk,1,2,0,0,325.0
1.91,walk,0,15,0,0,0.0
268.08,train,3,15,0,0,1712.0
130.91,bus,2,12,0,0,852.0
299.14,train,3,14,0,0,1602.0
106.67,bus,2,21,0,1,734.0
15.5,tuk,1,12,0,0,1653.0
4.54,tuk,1,15,0,0,577.0
285.68,train,3,13,0,0,1535.0
15.87,tuk,1,9,1,0,1979.0
341.29,train,3,21,0,0,1727.0
3.56,tuk,1,9,1,0,600.0
219.61,bus,2,19,1,0,1493.0
248.36,train,3,14,0,0,1540.0
0.97,tuk,1,16,0,0,242.0
16.46,tuk,1,18,1,0,1786.0
145.91,taxi,4,17,1,0,23568.0
5.71,tuk,1,13,0,0,794.0
244.41,bus,2,14,0,0,1628.0
182.78,bus,2,12,0,0,1019.0
5.27,tuk,1,8,1,0,685.0
98.13,train,3,17,1,0,661.0
96.07,train,3,21,0,0,682.0
240.13,bus,2,16,0,0,1383.0
335.04,train,3,18,1,0,1706.0
7.66,tuk,1,19,1,0,1015.0
0.57,walk,0,8,1,0,0.0
179.33,bus,2,1,0,0,1000.0
110.82,taxi,4,8,1,0,17437.0
0.84,walk,0,18,1,0,0.0
13.96,tuk,1,19,1,0,1499.0
147.86,bus,2,12,0,0,864.0
119.23,train,3,18,1,0,767.0
1.65,walk,0,1,0,0,0.0
72.71,bus,2,15,0,2,573.0
116.67,train,3,16,0,1,891.0
18.85,bus,2,12,0,0,172.0
3.48,tuk,1,17,1,0,512.0
7.94,tuk,1,11,0,0,919.0
240.23,bus,2,12,0,1,1541.0
174.11,bus,2,14,0,0,1010.0
105.71,train,3,19,1,0,661.0
97.17,bus,2,5,0,1,563.0
126.76,bus,2,7,1,0,769.0
100.06,taxi,4,10,0,0,13600.0
199.4,bus,2,4,0,0,1208.0
64.21,bus,2,8,1,1,545.0
272.55,train,3,8,1,0,1594.0
9.06,tuk,1,7,1,0,1077.0
150.08,train,3,9,1,0,736.0
106.53,train,3,12,0,0,600.0
1.32,walk,0,16,0,0,0.0
235.37,bus,2,7,1,0,1555.0
17.37,tuk,1,20,0,0,2153.0
11.61,tuk,1,11,0,0,1451.0
151.33,bus,2,17,1,2,1070.0
3.95,tuk,1,2,0,0,559.0
205.53,train,3,4,0,1,1379.0
284.06,train,3,10,0,0,1747.0
150.33,train,3,8,1,0,1018.0
18.97,tuk,1,11,0,0,2058.0
14.18,tuk,1,3,0,0,1477.0
11.28,tuk,1,11,0,0,1365.0
15.66,tuk,1,16,0,0,1886.0
221.39,train,3,17,1,0,1194.0
205.25,bus,2,5,0,0,1147.0
11.64,tuk,1,8,1,0,1332.0
67.14,train,3,12,0,0,466.0
19.35,bus,2,12,0,1,246.0
1.58,walk,0,19,1,0,0.0
4.21,tuk,1,9,1,0,601.0
151.55,bus,2,16,0,0,1007.0
310.55,train,3,21,0,0,1987.0
4.85,tuk,1,7,1,0,707.0
44.02,train,3,19,1,0,308.0
236.78,train,3,7,1,0,1252.0
300.4,train,3,8,1,1,1979.0
6.85,tuk,1,15,0,0,848.0
1.85,walk,0,14,0,0,0.0
88.19,train,3,13,0,0,471.0
18.93,tuk,1,5,0,0,2130.0
7.38,bus,2,2,0,0,107.0
125.16,train,3,21,0,0,724.0
9.27,tuk,1,20,0,0,1177.0
252.3,train,3,21,0,0,1633.0
168.37,train,3,12,0,0,1018.0
82.84,train,3,21,0,0,568.0
211.95,bus,2,11,0,0,1393.0
310.61,train,3,1,0,2,1971.0
47.66,bus,2,4,0,0,335.0
264.49,train,3,6,0,0,1270.0
48.54,train,3,9,1,0,381.0
215.49,train,3,22,0,1,1431.0
7.61,tuk,1,7,1,0,890.0
19.17,tuk,1,14,0,0,2190.0
5.92,tuk,1,6,0,0,814.0
70.42,bus,2,15,0,2,536.0
48.68,bus,2,13,0,1,411.0
155.91,bus,2,3,0,1,976.0
173.94,bus,2,11,0,1,1044.0
120.26,train,3,2,0,0,654.0
222.26,train,3,21,0,0,984.0
8.87,tuk,1,16,0,0,1151.0
158.22,train,3,22,0,0,875.0
88.76,bus,2,21,0,0,613.0
216.31,bus,2,5,0,0,1282.0
18.69,tuk,1,16,0,0,2189.0
337.95,train,3,2,0,0,1575.0
145.33,taxi,4,23,0,0,21886.0
275.09,train,3,18,1,1,1842.0
229.04,train,3,16,0,0,1129.0
67.9,taxi,4,23,0,0,9917.0
226.8,bus,2,20,0,0,1248.0
29.67,bus,2,20,0,0,223.0
86.83,bus,2,2,0,0,536.0
134.55,taxi,4,0,0,0,20939.0
1.35,walk,0,23,0,0,0.0
37.4,bus,2,6,0,0,254.0
315.85,train,3,10,0,0,1977.0
12.83,tuk,1,1,0,0,1446.0
131.73,train,3,14,0,0,811.0
151.86,bus,2,19,1,1,920.0
138.77,taxi,4,20,0,0,20893.0
330.59,train,3,13,0,0,1520.0
7.11,tuk,1,15,0,0,927.0
308.99,train,3,12,0,0,1479.0
7.75,tuk,1,10,0,0,952.0
163.02,bus,2,13,0,0,955.0
177.43,bus,2,22,0,0,1128.0
320.33,train,3,6,0,0,1902.0
0.6,walk,0,11,0,0,0.0
5.71,tuk,1,14,0,0,767.0
238.14,train,3,13,0,0,1205.0
167.69,bus,2,0,0,0,884.0
84.96,bus,2,6,0,0,428.0
1.61,walk,0,15,0,0,0.0
9.28,tuk,1,16,0,0,1173.0
172.36,train,3,17,1,0,1115.0
1.05,walk,0,23,0,0,0.0
170.84,bus,2,16,0,0,959.0
271.51,train,3,13,0,0,1707.0
1.32,walk,0,7,1,0,0.0
349.71,train,3,8,1,0,2100.0
18.6,tuk,1,19,1,0,2077.0
223.16,train,3,11,0,0,1057.0
324.52,train,3,17,1,1,1943.0
200.08,train,3,2,0,0,959.0
12.58,tuk,1,3,0,0,1388.0
52.39,bus,2,5,0,1,423.0
311.1,train,3,4,0,0,1451.0
11.87,tuk,1,14,0,0,1292.0
12.46,tuk,1,15,0,0,1374.0
1.91,walk,0,13,0,0,0.0
117.9,taxi,4,6,0,0,18646.0
216.15,train,3,13,0,1,1270.0
14.24,bus,2,2,0,0,103.0
156.76,train,3,11,0,1,1046.0
210.68,bus,2,3,0,0,1202.0
249.55,bus,2,1,0,1,1501.0
40.38,bus,2,3,0,0,353.0
64.06,bus,2,2,0,0,370.0
1.96,tuk,1,11,0,0,325.0
275.44,train,3,13,0,0,1564.0
117.88,train,3,14,0,0,714.0
18.57,tuk,1,10,0,0,2274.0
229.29,bus,2,4,0,0,1195.0
10.7,tuk,1,0,0,0,1338.0
131.07,taxi,4,17,1,0,19822.0
312.44,train,3,23,0,1,1782.0
341.99,train,3,6,0,0,1709.0
16.44,tuk,1,4,0,0,1629.0
14.38,tuk,1,7,1,0,1626.0
12.41,tuk,1,5,0,0,1408.0
1.52,walk,0,5,0,0,0.0
19.73,tuk,1,11,0,0,2020.0
1.15,walk,0,18,1,0,0.0
108.31,taxi,4,17,1,0,16226.0
0.19,walk,0,23,0,0,0.0
16.85,tuk,1,8,1,0,2032.0
231.14,train,3,11,0,0,1189.0
162.4,bus,2,9,1,1,1083.0
324.07,train,3,1,0,0,2019.0
151.58,bus,2,9,1,0,898.0
52.34,train,3,6,0,2,509.0
163.27,bus,2,11,0,0,970.0
123.26,bus,2,3,0,0,696.0
169.09,train,3,17,1,0,962.0
26.65,bus,2,20,0,0,194.0
17.35,tuk,1,23,0,0,2074.0
181.54,bus,2,2,0,0,966.0
15.43,tuk,1,2,0,0,1878.0
43.47,train,3,23,0,0,342.0
4.04,tuk,1,20,0,0,581.0
11.11,tuk,1,14,0,0,1414.0
11.98,tuk,1,7,1,0,1275.0
23.9,train,3,12,0,0,240.0
4.0,tuk,1,12,0,0,587.0
50.33,bus,2,20,0,0,301.0
26.4,train,3,12,0,0,236.0
1.26,walk,0,0,0,0,0.0
69.84,train,3,16,0,0,422.0
10.09,tuk,1,18,1,0,1249.0
3.18,tuk,1,7,1,0,513.0
72.16,bus,2,2,0,1,473.0
221.62,train,3,3,0,0,1244.0
16.45,tuk,1,20,0,0,1762.0
239.55,bus,2,10,0,1,1329.0
17.66,tuk,1,12,0,0,2154.0
72.55,bus,2,23,0,1,480.0
136.13,bus,2,1,0,0,730.0
23.67,bus,2,4,0,0,171.0
178.59,bus,2,19,1,0,1163.0
15.44,tuk,1,12,0,0,1621.0
6.36,bus,2,0,0,0,90.0
32.48,bus,2,16,0,0,300.0
141.7,bus,2,3,0,1,1027.0
0.89,walk,0,18,1,0,0.0
164.19,bus,2,19,1,0,1022.0
19.21,bus,2,19,1,0,169.0
1.49,walk,0,11,0,0,0.0
10.59,tuk,1,6,0,0,1095.0
6.62,bus,2,21,0,1,141.0
47.57,train,3,13,0,0,417.0
7.43,tuk,1,15,0,0,811.0
142.31,train,3,3,0,1,1010.0
29.08,bus,2,14,0,0,250.0
307.49,train,3,13,0,0,1634.0
85.37,bus,2,7,1,0,450.0
87.06,bus,2,18,1,0,486.0
112.92,bus,2,3,0,0,712.0
244.56,train,3,17,1,0,1454.0
57.15,bus,2,23,0,0,329.0
80.6,bus,2,13,0,0,423.0
5.74,bus,2,2,0,0,73.0
306.13,train,3,13,0,0,1759.0
1.03,walk,0,12,0,0,0.0
29.33,bus,2,13,0,1,260.0
31.12,bus,2,6,0,1,306.0
300.21,train,3,15,0,0,1555.0
212.26,bus,2,6,0,0,1042.0
14.87,bus,2,13,0,0,159.0
59.15,taxi,4,14,0,0,8811.0
164.78,bus,2,15,0,0,1012.0
8.44,tuk,1,19,1,0,1070.0
1.1,tuk,1,21,0,0,251.0
0.57,walk,0,18,1,0,0.0
1.65,walk,0,19,1,0,0.0
119.39,bus,2,20,0,0,717.0
50.19,train,3,5,0,0,416.0
153.96,train,3,7,1,0,992.0
1.81,walk,0,12,0,0,0.0
11.59,bus,2,11,0,0,122.0
11.54,tuk,1,16,0,0,1458.0
74.74,train,3,0,0,0,439.0
16.34,tuk,1,3,0,0,1798.0
177.85,bus,2,17,1,0,1088.0
3.82,tuk,1,19,1,0,554.0
74.43,bus,2,7,1,0,379.0
136.51,bus,2,7,1,1,827.0
337.1,train,3,13,0,0,1763.0
2.23,tuk,1,11,0,0,377.0
204.6,train,3,4,0,1,1018.0
232.61,bus,2,12,0,0,1537.0
130.27,train,3,19,1,0,903.0
75.81,train,3,17,1,0,579.0
21.42,taxi,4,19,1,0,3590.0
7.28,tuk,1,15,0,0,829.0
16.23,tuk,1,21,0,0,1796.0
6.6,tuk,1,5,0,0,894.0
9.11,tuk,1,1,0,0,1013.0
204.6,bus,2,2,0,1,1392.0
130.33,taxi,4,23,0,0,17534.0
128.98,taxi,4,15,0,0,20754.0
169.12,bus,2,5,0,1,939.0
166.87,bus,2,20,0,0,970.0
86.88,train,3,7,1,1,665.0
146.21,train,3,14,0,1,1030.0
10.48,tuk,1,5,0,0,1249.0
27.94,bus,2,2,0,0,268.0
298.58,train,3,6,0,0,1853.0
16.14,tuk,1,5,0,0,1934.0
32.88,bus,2,13,0,0,278.0
77.94,taxi,4,0,0,0,12119.0
122.77,taxi,4,5,0,0,16627.0
21.89,train,3,13,0,1,300.0
224.55,train,3,9,1,0,1293.0
7.65,tuk,1,15,0,0,952.0
15.33,tuk,1,15,0,0,1664.0
40.95,bus,2,23,0,1,346.0
161.15,bus,2,20,0,0,1018.0
179.38,bus,2,5,0,0,958.0
100.65,bus,2,16,0,1,636.0
117.86,bus,2,15,0,0,774.0
138.0,train,3,14,0,2,859.0
1.78,tuk,1,19,1,0,362.0
8.66,tuk,1,3,0,0,1006.0
3.33,tuk,1,9,1,0,524.0
11.55,tuk,1,19,1,0,1467.0
73.69,train,3,21,0,0,446.0
127.69,bus,2,0,0,0,646.0
11.43,tuk,1,11,0,0,1463.0
165.64,train,3,6,0,0,1055.0
81.31,bus,2,4,0,1,605.0
0.51,walk,0,1,0,0,0.0
12.19,tuk,1,12,0,0,1498.0
7.4,tuk,1,16,0,0,930.0
33.96,bus,2,12,0,0,248.0
4.31,tuk,1,8,1,0,595.0
0.31,walk,0,18,1,0,0.0
1.37,walk,0,15,0,0,0.0
103.17,bus,2,21,0,0,705.0
1.8,walk,0,8,1,0,0.0
105.0,train,3,5,0,0,601.0
16.15,tuk,1,10,0,0,1929.0
244.58,bus,2,12,0,0,1523.0
48.18,bus,2,10,0,0,292.0
150.33,bus,2,19,1,1,830.0
1.22,walk,0,1,0,0,0.0
47.88,train,3,12,0,0,411.0
238.78,train,3,10,0,0,1245.0
1.53,walk,0,5,0,0,0.0
5.16,tuk,1,15,0,0,691.0
106.93,train,3,19,1,0,704.0
127.75,bus,2,13,0,0,814.0
11.07,tuk,1,2,0,0,1248.0
15.03,tuk,1,1,0,0,1550.0
165.48,bus,2,10,0,1,1004.0
320.69,train,3,16,0,0,1886.0
152.95,bus,2,7,1,1,1080.0
144.64,taxi,4,7,1,0,22903.0
147.48,bus,2,20,0,0,791.0
1.88,tuk,1,0,0,0,369.0
53.43,bus,2,1,0,0,432.0
68.92,bus,2,3,0,0,423.0
1.03,tuk,1,23,0,0,230.0
1.53,walk,0,11,0,0,0.0
21.41,bus,2,3,0,0,185.0
281.08,train,3,7,1,1,1821.0
1.9,walk,0,23,0,0,0.0
204.67,bus,2,16,0,0,1342.0
195.39,bus,2,5,0,0,1010.0
130.42,bus,2,5,0,1,736.0
41.32,train,3,1,0,2,423.0
97.66,train,3,18,1,0,584.0
228.82,train,3,3,0,0,1394.0
14.86,tuk,1,6,0,0,1632.0
184.76,bus,2,8,1,0,911.0
153.91,bus,2,14,0,0,1006.0
5.87,tuk,1,14,0,0,705.0
0.6,walk,0,19,1,0,0.0
16.94,tuk,1,7,1,0,1993.0
143.59,bus,2,9,1,0,852.0
225.41,bus,2,9,1,0,1497.0
3.73,tuk,1,1,0,0,509.0
157.11,train,3,17,1,0,833.0
208.94,train,3,12,0,1,1093.0
0.6,tuk,1,11,0,0,204.0
112.23,train,3,23,0,1,791.0
1.4,walk,0,4,0,0,0.0
315.6,train,3,23,0,1,1656.0
131.92,taxi,4,16,0,0,17848.0
0.72,walk,0,5,0,0,0.0
262.52,train,3,16,0,0,1222.0
44.96,taxi,4,18,1,0,7665.0
50.43,train,3,8,1,0,344.0
22.96,taxi,4,8,1,0,3910.0
214.21,bus,2,20,0,0,1389.0
0.6,walk,0,3,0,0,0.0
336.95,train,3,0,0,0,1699.0
173.32,bus,2,15,0,0,928.0
92.86,bus,2,21,0,0,640.0
188.27,bus,2,12,0,0,1034.0
85.98,bus,2,3,0,0,479.0
0.79,tuk,1,12,0,0,229.0
309.94,train,3,6,0,0,1805.0
1.36,walk,0,19,1,0,0.0
326.31,train,3,14,0,1,1716.0
184.14,train,3,8,1,1,1072.0
176.57,bus,2,14,0,0,990.0
122.41,bus,2,16,0,1,737.0
17.79,tuk,1,16,0,0,1825.0
142.46,taxi,4,8,1,0,22429.0
134.81,train,3,13,0,0,823.0
18.27,bus,2,1,0,1,221.0
2.99,tuk,1,9,1,0,445.0
8.33,tuk,1,9,1,0,1066.0
133.5,bus,2,12,0,0,897.0
115.87,train,3,22,0,0,694.0
48.71,train,3,22,0,1,441.0
17.98,tuk,1,11,0,0,2097.0
314.98,train,3,15,0,0,1763.0
79.3,bus,2,2,0,0,479.0
154.57,train,3,11,0,2,1110.0
13.92,tuk,1,16,0,0,1457.0
25.99,bus,2,16,0,0,207.0
104.99,train,3,23,0,0,588.0
2.22,tuk,1,11,0,0,377.0
36.16,bus,2,21,0,0,267.0
78.85,taxi,4,23,0,0,11436.0
18.91,tuk,1,13,0,0,1910.0
1.57,walk,0,2,0,0,0.0
31.13,bus,2,9,1,0,202.0
7.68,tuk,1,18,1,0,961.0
1.13,walk,0,13,0,0,0.0
201.63,bus,2,22,0,0,1088.0
250.18,train,3,19,1,0,1406.0
13.78,tuk,1,1,0,0,1552.0
5.35,tuk,1,20,0,0,657.0
35.35,train,3,8,1,1,429.0
206.15,bus,2,19,1,1,1188.0
99.05,train,3,12,0,1,726.0
80.59,bus,2,10,0,2,619.0
16.1,taxi,4,1,0,0,2667.0
31.54,bus,2,2,0,1,270.0
3.17,tuk,1,14,0,0,490.0
15.95,train,3,13,0,0,192.0
13.68,bus,2,13,0,0,144.0
4.71,tuk,1,3,0,0,659.0
11.36,tuk,1,12,0,0,1319.0
132.47,bus,2,1,0,0,693.0
1.07,walk,0,3,0,0,0.0
1.12,tuk,1,11,0,0,268.0
19.14,tuk,1,14,0,0,1989.0
79.68,bus,2,15,0,1,482.0
14.31,bus,2,23,0,0,132.0
84.62,bus,2,20,0,0,466.0
15.21,tuk,1,9,1,0,1911.0
0.57,walk,0,18,1,0,0.0
110.48,bus,2,2,0,0,605.0
5.96,bus,2,20,0,1,135.0
153.1,bus,2,9,1,0,1014.0
6.71,tuk,1,18,1,0,807.0
0.53,walk,0,23,0,0,0.0
15.73,tuk,1,16,0,0,1829.0
242.05,bus,2,22,0,0,1469.0
200.83,bus,2,0,0,0,1099.0
290.2,train,3,4,0,0,1588.0
45.45,bus,2,15,0,1,381.0
164.17,bus,2,12,0,0,1043.0
73.79,bus,2,2,0,1,462.0
0.26,walk,0,17,1,0,0.0
44.37,bus,2,1,0,0,349.0
19.54,tuk,1,23,0,0,1896.0
33.5,bus,2,3,0,1,317.0
12.79,tuk,1,10,0,0,1351.0
341.98,train,3,19,1,0,2120.0
159.36,train,3,12,0,0,826.0
1.67,walk,0,17,1,0,0.0
123.43,bus,2,16,0,0,613.0
266.85,train,3,22,0,1,1420.0
18.55,tuk,1,11,0,0,2288.0
195.64,train,3,23,0,0,1227.0
89.73,bus,2,12,0,2,651.0
194.73,train,3,21,0,0,941.0
82.17,taxi,4,17,1,0,12989.0
0.78,walk,0,3,0,0,0.0
17.53,bus,2,15,0,1,219.0
70.01,bus,2,21,0,0,451.0
6.32,tuk,1,3,0,0,878.0
10.46,tuk,1,20,0,0,1197.0
5.85,taxi,4,2,0,0,1429.0
1.47,walk,0,20,0,0,0.0
239.87,bus,2,18,1,0,1219.0
298.67,train,3,3,0,0,1689.0
0.88,tuk,1,17,1,0,242.0
57.75,bus,2,2,0,0,432.0
74.63,taxi,4,13,0,0,11942.0
222.7,bus,2,22,0,1,1286.0
1.38,tuk,1,4,0,0,299.0
1.84,walk,0,4,0,0,0.0
255.59,train,3,10,0,0,1667.0
16.24,tuk,1,8,1,0,1983.0
18.4,bus,2,1,0,0,152.0
1.95,walk,0,10,0,0,0.0
27.81,bus,2,6,0,1,253.0
258.81,train,3,2,0,0,1418.0
95.07,bus,2,6,0,0,629.0
21.02,taxi,4,0,0,0,3759.0
18.74,tuk,1,21,0,0,2123.0
184.92,bus,2,23,0,0,1271.0
193.51,train,3,8,1,0,907.0
85.65,bus,2,21,0,0,585.0
7.31,tuk,1,11,0,0,837.0
156.57,train,3,21,0,1,1072.0
177.02,bus,2,4,0,2,1269.0
242.97,bus,2,6,0,0,1382.0
62.29,taxi,4,17,1,0,10428.0
19.04,tuk,1,5,0,0,1903.0
19.33,tuk,1,19,1,0,2241.0
1.98,walk,0,10,0,0,0.0
162.25,bus,2,9,1,1,955.0
16.57,tuk,1,10,0,0,1937.0
233.23,bus,2,19,1,0,1193.0
12.79,tuk,1,0,0,0,1406.0
194.98,bus,2,18,1,1,1025.0
10.07,tuk,1,18,1,0,1108.0
210.91,bus,2,19,1,1,1063.0
3.75,tuk,1,23,0,0,538.0
330.89,train,3,18,1,0,1855.0
19.49,bus,2,12,0,1,197.0
5.45,bus,2,11,0,1,113.0
304.03,train,3,9,1,1,1642.0
160.74,bus,2,19,1,0,1064.0
0.54,tuk,1,9,1,0,251.0
260.58,train,3,13,0,0,1487.0
14.18,tuk,1,2,0,0,1489.0
0.12,walk,0,7,1,0,0.0
74.07,bus,2,6,0,0,472.0
11.58,tuk,1,10,0,0,1266.0
17.82,tuk,1,12,0,0,2068.0
109.3,train,3,17,1,0,670.0
19.51,tuk,1,10,0,0,2088.0
202.25,train,3,3,0,0,1136.0
247.99,train,3,13,0,0,1369.0
119.81,bus,2,1,0,1,865.0
84.71,train,3,20,0,0,464.0
257.4,train,3,18,1,0,1338.0
145.32,taxi,4,5,0,0,19840.0
9.9,tuk,1,6,0,0,1168.0
7.15,tuk,1,0,0,0,917.0
166.89,bus,2,8,1,0,859.0
240.06,bus,2,0,0,1,1450.0
7.37,tuk,1,22,0,0,880.0
60.73,bus,2,3,0,0,333.0
1.44,walk,0,15,0,0,0.0
348.57,train,3,13,0,0,2181.0
19.28,tuk,1,5,0,0,2358.0
2.0,walk,0,19,1,0,0.0
12.7,tuk,1,2,0,0,1444.0
16.7,tuk,1,21,0,0,1712.0
5.58,tuk,1,17,1,0,811.0
0.68,walk,0,15,0,0,0.0
10.62,tuk,1,21,0,0,1113.0
10.08,tuk,1,9,1,0,1129.0
200.53,bus,2,6,0,0,1098.0
194.28,bus,2,3,0,1,1388.0
8.76,tuk,1,22,0,0,1157.0
14.93,tuk,1,9,1,0,1820.0
1.06,walk,0,19,1,0,0.0
0.46,walk,0,7,1,0,0.0
12.11,tuk,1,22,0,0,1337.0
332.66,train,3,20,0,0,1644.0
10.87,taxi,4,7,1,0,2134.0
122.28,train,3,11,0,0,640.0
29.98,bus,2,19,1,0,215.0
216.04,bus,2,5,0,1,1220.0
13.12,tuk,1,0,0,0,1426.0
341.57,train,3,6,0,0,2107.0
146.8,train,3,14,0,0,955.0
173.73,train,3,3,0,0,1014.0
65.9,train,3,8,1,0,537.0
135.0,bus,2,22,0,1,733.0
83.38,train,3,1,0,2,774.0
333.95,train,3,1,0,0,1854.0
17.73,tuk,1,10,0,0,1876.0
167.37,train,3,0,0,0,933.0
0.88,walk,0,0,0,0,0.0
108.03,taxi,4,4,0,0,17396.0
72.83,train,3,2,0,1,533.0
1.99,walk,0,19,1,0,0.0
181.2,bus,2,2,0,0,948.0
0.31,walk,0,12,0,0,0.0
91.93,train,3,16,0,0,575.0
292.79,train,3,15,0,0,1820.0
49.34,bus,2,15,0,0,290.0
39.69,train,3,8,1,0,306.0
1.6,walk,0,21,0,0,0.0
2.01,tuk,1,1,0,0,367.0
229.22,bus,2,2,0,1,1455.0
1.87,walk,0,20,0,0,0.0
231.08,bus,2,1,0,1,1177.0
3.19,tuk,1,4,0,0,471.0
237.37,bus,2,4,0,0,1117.0
196.32,bus,2,0,0,0,1166.0
77.11,train,3,2,0,0,498.0
14.71,tuk,1,13,0,0,1676.0
333.68,train,3,15,0,0,1432.0
128.12,bus,2,1,0,0,805.0
13.48,tuk,1,22,0,0,1511.0
144.98,bus,2,2,0,0,843.0
111.2,bus,2,16,0,0,801.0
18.25,tuk,1,19,1,0,1867.0
49.91,bus,2,12,0,0,294.0
10.15,tuk,1,11,0,0,1105.0
139.56,bus,2,2,0,1,760.0
87.55,bus,2,5,0,0,523.0
47.43,bus,2,20,0,1,336.0
62.25,train,3,8,1,0,430.0
2.06,tuk,1,0,0,0,363.0
11.3,taxi,4,17,1,0,2388.0
237.7,train,3,16,0,0,1456.0
148.92,taxi,4,1,0,0,20207.0
106.47,train,3,1,0,0,704.0
1.48,tuk,1,2,0,0,327.0
80.75,bus,2,1,0,0,525.0
10.49,tuk,1,14,0,0,1106.0
128.98,train,3,3,0,0,772.0
109.32,bus,2,14,0,0,618.0
4.21,tuk,1,4,0,0,622.0
153.57,train,3,23,0,1,955.0
19.22,tuk,1,17,1,0,2382.0
191.24,bus,2,8,1,1,983.0
250.51,train,3,10,0,0,1285.0
1.34,walk,0,1,0,0,0.0
54.17,bus,2,1,0,0,333.0
227.95,train,3,12,0,0,1144.0
1.87,walk,0,0,0,0,0.0
195.89,bus,2,15,0,1,1024.0
10.27,tuk,1,9,1,0,1127.0
170.48,bus,2,3,0,0,1014.0
8.94,tuk,1,12,0,0,1122.0
139.05,train,3,13,0,0,747.0
253.35,train,3,17,1,0,1318.0
18.49,tuk,1,4,0,0,1891.0
17.77,tuk,1,13,0,0,1946.0
14.14,bus,2,20,0,0,128.0
138.66,train,3,6,0,0,881.0
205.13,bus,2,20,0,0,980.0
19.98,tuk,1,17,1,0,2169.0
2.17,tuk,1,10,0,0,358.0
34.23,taxi,4,21,0,0,5329.0
125.13,bus,2,23,0,1,790.0
39.13,train,3,5,0,0,316.0
144.15,bus,2,23,0,1,977.0
179.31,train,3,0,0,0,958.0
1.01,walk,0,3,0,0,0.0
3.5,tuk,1,1,0,0,524.0
332.99,train,3,8,1,0,1794.0
161.1,train,3,22,0,0,1050.0
9.89,tuk,1,14,0,0,1216.0
84.9,bus,2,14,0,0,431.0
60.69,bus,2,2,0,1,395.0
117.77,bus,2,12,0,1,721.0
18.12,tuk,1,9,1,0,1926.0
80.05,train,3,11,0,0,448.0
5.99,tuk,1,6,0,0,773.0
83.72,train,3,4,0,0,554.0
1.8,walk,0,22,0,0,0.0
1.78,walk,0,13,0,0,0.0
87.78,bus,2,9,1,0,503.0
6.63,tuk,1,1,0,0,890.0
246.83,bus,2,18,1,0,1342.0
0.51,walk,0,11,0,0,0.0
332.5,train,3,9,1,0,2035.0
263.36,train,3,16,0,0,1636.0
88.08,train,3,3,0,1,707.0
10.3,tuk,1,12,0,0,1144.0
1.4,tuk,1,20,0,0,288.0
31.83,bus,2,11,0,0,249.0
67.04,bus,2,0,0,1,450.0
9.19,tuk,1,5,0,0,1165.0
0.51,walk,0,1,0,0,0.0
139.46,bus,2,12,0,0,718.0
15.43,tuk,1,8,1,0,1588.0
148.27,bus,2,3,0,0,937.0
3.66,tuk,1,16,0,0,570.0
9.9,tuk,1,4,0,0,1161.0
26.97,bus,2,8,1,0,198.0
203.13,bus,2,23,0,1,1092.0
17.69,tuk,1,1,0,0,1947.0
246.24,bus,2,5,0,0,1598.0
181.43,train,3,7,1,0,937.0
61.21,bus,2,12,0,0,444.0
26.1,bus,2,5,0,0,196.0
114.44,taxi,4,23,0,0,16614.0
129.66,bus,2,0,0,2,795.0
317.08,train,3,22,0,0,1855.0
65.31,train,3,12,0,1,461.0
0.97,walk,0,0,0,0,0.0
14.8,bus,2,2,0,1,201.0
245.4,bus,2,2,0,0,1654.0
78.28,taxi,4,6,0,0,12730.0
76.65,bus,2,7,1,0,454.0
0.44,walk,0,15,0,0,0.0
212.1,bus,2,7,1,1,1158.0
2.69,tuk,1,17,1,0,434.0
336.67,train,3,7,1,0,2029.0
89.03,bus,2,6,0,0,551.0
226.26,train,3,6,0,1,1468.0
169.97,train,3,7,1,0,831.0
69.23,bus,2,20,0,0,356.0
43.76,bus,2,5,0,0,297.0
343.55,train,3,6,0,1,1847.0
136.31,train,3,22,0,0,829.0
251.19,train,3,15,0,0,1633.0
1.59,walk,0,4,0,0,0.0
204.29,bus,2,20,0,0,1292.0
4.56,tuk,1,4,0,0,615.0
44.34,train,3,3,0,2,484.0
33.2,bus,2,10,0,1,303.0
238.92,bus,2,16,0,1,1348.0
18.44,tuk,1,4,0,0,2187.0
17.78,tuk,1,18,1,0,1943.0
219.31,train,3,3,0,0,1170.0
19.11,tuk,1,18,1,0,2028.0
1.48,walk,0,2,0,0,0.0
68.1,train,3,11,0,0,374.0
157.94,train,3,15,0,0,986.0
7.88,tuk,1,6,0,0,852.0
13.26,tuk,1,14,0,0,1460.0
53.87,taxi,4,16,0,0,8262.0
196.28,train,3,15,0,0,1084.0
32.11,bus,2,9,1,0,223.0
7.77,tuk,1,18,1,0,926.0
8.18,tuk,1,17,1,0,956.0
0.92,walk,0,7,1,0,0.0
321.55,train,3,17,1,0,1977.0
1.11,walk,0,22,0,0,0.0
1.34,walk,0,19,1,0,0.0
180.99,train,3,17,1,0,1147.0
298.49,train,3,18,1,1,1789.0
220.49,train,3,19,1,0,1057.0
163.43,bus,2,6,0,0,969.0
170.47,bus,2,17,1,0,908.0
118.12,bus,2,4,0,1,850.0
1.24,tuk,1,8,1,0,355.0
36.12,bus,2,22,0,0,253.0
233.64,bus,2,6,0,2,1424.0
170.41,bus,2,20,0,0,861.0
303.0,train,3,10,0,0,1627.0
54.79,taxi,4,5,0,0,7678.0
0.56,walk,0,2,0,0,0.0
162.92,bus,2,13,0,0,978.0
11.66,tuk,1,10,0,0,1378.0
110.36,bus,2,12,0,0,629.0
14.63,tuk,1,1,0,0,1526.0
12.68,tuk,1,6,0,0,1304.0
136.11,train,3,0,0,1,1012.0
230.2,bus,2,7,1,0,1177.0
236.63,train,3,22,0,0,1415.0
0.11,walk,0,3,0,0,0.0
1.15,walk,0,16,0,0,0.0
179.57,bus,2,0,0,0,1114.0
1.41,walk,0,13,0,0,0.0
3.05,tuk,1,22,0,0,469.0
75.39,taxi,4,8,1,0,11555.0
7.23,tuk,1,4,0,0,957.0
8.36,tuk,1,13,0,0,961.0
204.48,bus,2,6,0,0,1001.0
104.69,bus,2,21,0,1,594.0
199.85,bus,2,20,0,0,1249.0
204.82,bus,2,15,0,1,1073.0
307.37,train,3,15,0,0,1678.0
13.05,tuk,1,14,0,0,1642.0
118.81,bus,2,17,1,2,712.0
19.63,bus,2,11,0,0,175.0
222.01,train,3,23,0,0,1108.0
224.45,bus,2,8,1,0,1166.0
92.55,bus,2,0,0,0,605.0
1.99,walk,0,16,0,0,0.0
18.72,tuk,1,15,0,0,2041.0
0.12,walk,0,23,0,0,0.0
193.06,train,3,9,1,1,1044.0
17.92,tuk,1,10,0,0,1947.0
169.95,train,3,13,0,0,1051.0
0.92,walk,0,9,1,0,0.0
104.65,train,3,18,1,0,526.0
246.13,train,3,10,0,1,1581.0
1.93,walk,0,18,1,0,0.0
0.61,walk,0,10,0,0,0.0
0.38,walk,0,5,0,0,0.0
66.35,train,3,23,0,1,473.0
12.46,tuk,1,12,0,0,1454.0
145.06,bus,2,16,0,1,981.0
59.62,bus,2,14,0,2,542.0
143.02,train,3,8,1,0,901.0
245.33,bus,2,23,0,1,1295.0
121.06,bus,2,8,1,1,876.0
50.28,taxi,4,23,0,0,8416.0
14.8,tuk,1,10,0,0,1628.0
19.23,train,3,0,0,0,251.0
0.27,walk,0,0,0,0,0.0
245.23,bus,2,23,0,0,1507.0
333.18,train,3,12,0,1,1594.0
147.58,bus,2,9,1,0,832.0
182.12,bus,2,19,1,0,1106.0
5.77,tuk,1,14,0,0,656.0
190.05,bus,2,15,0,0,1144.0
51.96,bus,2,16,0,2,423.0
120.29,bus,2,4,0,0,603.0
243.39,bus,2,2,0,0,1175.0
9.96,tuk,1,17,1,0,1208.0
12.61,tuk,1,0,0,0,1300.0
16.08,tuk,1,17,1,0,1675.0
228.55,bus,2,3,0,0,1483.0
11.44,tuk,1,6,0,0,1313.0
267.44,train,3,16,0,1,1288.0
116.33,bus,2,14,0,1,624.0
19.9,tuk,1,18,1,0,2010.0
99.4,bus,2,14,0,0,573.0
111.42,train,3,1,0,0,710.0
8.37,tuk,1,20,0,0,1023.0
3.27,tuk,1,5,0,0,492.0
1.77,walk,0,3,0,0,0.0
0.66,walk,0,21,0,0,0.0
114.21,train,3,4,0,0,558.0
41.1,taxi,4,12,0,0,5874.0
0.88,walk,0,11,0,0,0.0
198.51,train,3,18,1,0,1252.0
1.62,walk,0,1,0,0,0.0
93.55,bus,2,2,0,0,665.0
178.52,train,3,9,1,0,1087.0
230.36,bus,2,11,0,1,1562.0
0.69,walk,0,18,1,0,0.0
132.75,bus,2,14,0,1,809.0
129.74,taxi,4,3,0,0,21190.0
10.32,tuk,1,23,0,0,1304.0
9.03,tuk,1,11,0,0,1088.0
14.79,tuk,1,23,0,0,1501.0
74.38,bus,2,23,0,1,452.0
196.23,bus,2,1,0,0,1140.0
112.21,train,3,12,0,1,791.0
43.49,train,3,10,0,1,450.0
104.43,train,3,11,0,1,678.0
75.43,train,3,7,1,1,532.0
14.05,tuk,1,13,0,0,1760.0
96.07,bus,2,11,0,0,667.0
12.76,tuk,1,4,0,0,1453.0
10.42,tuk,1,6,0,0,1223.0
339.83,train,3,3,0,0,1933.0
19.04,bus,2,20,0,1,243.0
111.16,taxi,4,16,0,0,15431.0
180.9,bus,2,9,1,0,985.0
153.72,bus,2,9,1,1,796.0
81.98,bus,2,1,0,1,545.0
6.87,tuk,1,6,0,0,954.0
3.16,tuk,1,22,0,0,481.0
69.79,bus,2,0,0,0,468.0
0.57,walk,0,3,0,0,0.0
146.8,train,3,20,0,1,834.0
3.48,tuk,1,12,0,0,462.0
17.96,tuk,1,0,0,0,1809.0
280.26,train,3,11,0,0,1381.0
0.71,walk,0,17,1,0,0.0
290.51,train,3,8,1,0,1717.0
95.56,train,3,9,1,0,574.0
1.14,walk,0,15,0,0,0.0
235.49,bus,2,14,0,1,1550.0
187.58,bus,2,21,0,0,1152.0
118.77,train,3,5,0,0,738.0
234.57,train,3,6,0,1,1154.0
134.9,train,3,3,0,1,956.0
54.63,bus,2,15,0,0,378.0
7.18,tuk,1,12,0,0,904.0
83.03,bus,2,8,1,0,570.0
5.53,taxi,4,16,0,0,1273.0
186.92,bus,2,9,1,0,1066.0
35.62,bus,2,4,0,0,234.0
11.93,bus,2,12,0,0,154.0
316.73,train,3,10,0,0,1786.0
81.7,taxi,4,9,1,0,12751.0
19.89,tuk,1,10,0,0,2040.0
18.91,tuk,1,21,0,0,2062.0
72.54,bus,2,5,0,0,431.0
117.12,bus,2,6,0,1,742.0
216.91,bus,2,13,0,1,1195.0
1.83,walk,0,1,0,0,0.0
129.23,bus,2,3,0,1,754.0
242.12,bus,2,13,0,0,1607.0
71.64,bus,2,12,0,0,481.0
36.16,bus,2,15,0,0,209.0
24.01,train,3,2,0,1,351.0
41.51,bus,2,20,0,0,265.0
15.4,train,3,11,0,0,204.0
5.32,bus,2,3,0,0,93.0
155.36,bus,2,7,1,2,1066.0
220.52,bus,2,5,0,1,1164.0
15.56,tuk,1,10,0,0,1575.0
0.9,tuk,1,11,0,0,241.0
120.29,bus,2,10,0,0,717.0
259.64,train,3,11,0,1,1624.0
225.55,bus,2,21,0,0,1450.0
0.19,walk,0,23,0,0,0.0
186.51,bus,2,11,0,0,1275.0
7.28,tuk,1,23,0,0,904.0
209.05,train,3,19,1,1,1336.0
50.54,train,3,19,1,1,454.0
75.58,bus,2,5,0,0,418.0
183.69,bus,2,10,0,1,972.0
13.33,tuk,1,8,1,0,1551.0
196.4,bus,2,2,0,0,1168.0
120.73,train,3,1,0,0,854.0
209.59,train,3,14,0,0,1017.0
86.06,bus,2,10,0,0,565.0
40.73,bus,2,19,1,1,316.0
1.43,walk,0,16,0,0,0.0
16.12,tuk,1,2,0,0,1731.0
6.13,tuk,1,20,0,0,806.0
85.38,bus,2,11,0,0,470.0
323.68,train,3,13,0,0,1814.0
203.12,bus,2,23,0,0,1086.0
11.13,tuk,1,15,0,0,1221.0
15.74,tuk,1,0,0,0,1643.0
6.26,tuk,1,4,0,0,849.0
172.71,train,3,10,0,0,1025.0
153.62,bus,2,0,0,0,748.0
325.6,train,3,4,0,0,1577.0
266.14,train,3,19,1,0,1614.0
10.44,tuk,1,3,0,0,1144.0
196.81,bus,2,4,0,0,1103.0
20.9,taxi,4,12,0,0,3587.0
163.35,bus,2,2,0,0,1059.0
1.65,walk,0,6,0,0,0.0
86.01,train,3,22,0,0,552.0
205.6,train,3,15,0,0,1263.0
127.32,bus,2,23,0,0,854.0
235.93,bus,2,8,1,1,1356.0
15.23,tuk,1,14,0,0,1614.0
63.99,train,3,5,0,0,405.0
192.24,bus,2,9,1,1,1071.0
1.29,walk,0,4,0,0,0.0
38.42,bus,2,19,1,0,289.0
61.32,taxi,4,4,0,0,8755.0
149.07,train,3,4,0,0,947.0
0.55,tuk,1,11,0,0,200.0
1.64,walk,0,10,0,0,0.0
309.65,train,3,7,1,0,1594.0
240.2,train,3,8,1,0,1329.0
149.26,bus,2,7,1,0,782.0
105.37,bus,2,21,0,0,642.0
46.41,bus,2,13,0,2,407.0
41.11,bus,2,22,0,1,313.0
18.26,tuk,1,23,0,0,1958.0
1.9,walk,0,15,0,0,0.0
3.27,tuk,1,19,1,0,506.0
94.42,train,3,2,0,0,481.0
16.92,tuk,1,22,0,0,1719.0
8.55,tuk,1,11,0,0,914.0
66.74,bus,2,17,1,0,449.0
5.27,tuk,1,5,0,0,760.0
1.88,tuk,1,2,0,0,345.0
171.0,bus,2,21,0,2,1075.0
239.74,bus,2,10,0,1,1573.0
225.59,bus,2,3,0,2,1265.0
336.4,train,3,15,0,1,2196.0
17.81,tuk,1,1,0,0,1835.0
186.63,train,3,10,0,0,1161.0
256.48,train,3,16,0,0,1239.0
213.28,train,3,17,1,0,1001.0
54.13,bus,2,10,0,0,349.0
88.42,bus,2,8,1,0,567.0
123.01,bus,2,20,0,0,757.0
213.15,bus,2,4,0,0,1254.0
0.9,walk,0,1,0,0,0.0
66.91,taxi,4,3,0,0,10975.0
115.04,bus,2,19,1,0,758.0
16.92,train,3,11,0,0,256.0
199.77,bus,2,0,0,1,1335.0
0.48,walk,0,4,0,0,0.0
9.29,bus,2,0,0,1,184.0
211.24,bus,2,19,1,1,1271.0
130.16,bus,2,11,0,0,766.0
4.85,tuk,1,1,0,0,651.0
1.26,tuk,1,5,0,0,292.0
71.6,bus,2,14,0,0,536.0
117.23,bus,2,14,0,0,760.0
140.29,taxi,4,19,1,0,23054.0
9.59,tuk,1,0,0,0,1132.0
14.61,tuk,1,1,0,0,1527.0
9.35,tuk,1,0,0,0,1146.0
185.8,bus,2,9,1,0,1040.0
236.82,bus,2,17,1,0,1510.0
222.22,bus,2,15,0,0,1321.0
140.29,taxi,4,5,0,0,20517.0
6.93,tuk,1,15,0,0,832.0
72.25,bus,2,15,0,0,457.0
0.53,walk,0,4,0,0,0.0
16.13,tuk,1,17,1,0,1749.0
78.56,bus,2,10,0,0,441.0
0.61,walk,0,1,0,0,0.0
243.73,bus,2,9,1,0,1330.0
209.25,bus,2,18,1,0,1053.0
61.86,train,3,16,0,0,460.0
14.98,bus,2,6,0,1,214.0
185.85,bus,2,18,1,0,989.0
57.05,bus,2,9,1,1,505.0
0.91,walk,0,11,0,0,0.0
1.68,walk,0,2,0,0,0.0
146.97,bus,2,23,0,0,822.0
101.47,taxi,4,20,0,0,14287.0
1.71,walk,0,4,0,0,0.0
138.88,bus,2,13,0,1,846.0
149.19,train,3,18,1,0,841.0
225.78,train,3,12,0,1,1256.0
181.46,bus,2,5,0,0,1161.0
188.71,bus,2,23,0,0,935.0
134.48,bus,2,6,0,0,711.0
265.95,train,3,8,1,0,1507.0
14.37,tuk,1,8,1,0,1771.0
17.97,train,3,21,0,0,246.0
0.47,walk,0,12,0,0,0.0
244.46,train,3,17,1,0,1575.0
1.25,walk,0,21,0,0,0.0
2.48,tuk,1,22,0,0,382.0
1.86,walk,0,20,0,0,0.0
42.35,bus,2,21,0,0,265.0
0.55,tuk,1,22,0,0,188.0
16.16,tuk,1,23,0,0,1903.0
97.19,bus,2,15,0,0,667.0
47.82,bus,2,3,0,1,352.0
158.96,train,3,2,0,0,1045.0
273.98,train,3,19,1,0,1578.0
231.86,bus,2,7,1,1,1255.0
9.63,tuk,1,19,1,0,1148.0
8.18,tuk,1,22,0,0,979.0
95.38,train,3,15,0,1,685.0
0.89,walk,0,18,1,0,0.0
99.91,bus,2,6,0,1,714.0
151.35,train,3,10,0,0,806.0
21.62,taxi,4,23,0,0,3735.0
193.08,bus,2,19,1,0,954.0
182.46,bus,2,4,0,1,1091.0
220.71,bus,2,22,0,2,1214.0
346.82,train,3,11,0,0,2171.0
1.26,walk,0,20,0,0,0.0
10.38,tuk,1,12,0,0,1322.0
225.81,bus,2,14,0,0,1508.0
6.54,tuk,1,3,0,0,734.0
157.39,bus,2,8,1,0,1077.0
152.37,bus,2,17,1,2,873.0
198.85,train,3,20,0,1,1258.0
24.06,train,3,2,0,0,266.0
55.95,bus,2,1,0,0,332.0
228.69,train,3,16,0,0,1201.0
16.08,tuk,1,10,0,0,2023.0
217.01,bus,2,20,0,1,1310.0
2.81,tuk,1,1,0,0,490.0
168.1,train,3,8,1,0,946.0
148.86,train,3,0,0,0,959.0
81.78,train,3,17,1,0,638.0
73.93,train,3,20,0,0,479.0
38.25,taxi,4,3,0,0,6531.0
0.51,tuk,1,7,1,0,234.0
306.24,train,3,20,0,0,1893.0
71.53,bus,2,0,0,1,437.0
158.1,bus,2,22,0,0,847.0
9.74,bus,2,21,0,0,107.0
17.37,tuk,1,3,0,0,2047.0
0.64,tuk,1,3,0,0,217.0
14.77,tuk,1,16,0,0,1757.0
1.08,walk,0,0,0,0,0.0
231.91,bus,2,12,0,0,1533.0
144.86,train,3,1,0,0,825.0
59.47,bus,2,12,0,2,524.0
173.31,bus,2,8,1,2,1009.0
107.87,bus,2,16,0,0,676.0
102.48,bus,2,21,0,0,549.0
15.75,tuk,1,11,0,0,1733.0
232.92,train,3,15,0,0,1139.0
2.69,tuk,1,14,0,0,445.0
294.28,train,3,23,0,0,1742.0
92.63,train,3,5,0,0,523.0
177.13,bus,2,5,0,0,1064.0
183.5,train,3,9,1,0,936.0
10.97,tuk,1,17,1,0,1320.0
75.92,train,3,20,0,0,483.0
346.7,train,3,6,0,0,1910.0
335.75,train,3,2,0,0,1656.0
212.69,bus,2,14,0,1,1390.0
32.39,train,3,14,0,0,255.0
109.75,taxi,4,8,1,0,18080.0
197.5,bus,2,4,0,1,1315.0
20.12,train,3,20,0,1,314.0
261.48,train,3,20,0,0,1670.0
12.59,bus,2,17,1,0,123.0
150.47,train,3,13,0,0,970.0
39.25,bus,2,6,0,0,291.0
233.38,bus,2,9,1,0,1278.0
8.46,tuk,1,1,0,0,909.0
16.85,tuk,1,5,0,0,1724.0
117.68,train,3,10,0,0,544.0
209.66,bus,2,10,0,1,1043.0
192.74,bus,2,1,0,0,1267.0
7.93,tuk,1,22,0,0,896.0
196.08,bus,2,6,0,0,1149.0
32.3,train,3,12,0,0,250.0
128.33,train,3,11,0,0,778.0
1.34,walk,0,11,0,0,0.0
162.11,bus,2,20,0,0,904.0
119.87,bus,2,17,1,0,767.0
142.09,bus,2,20,0,1,828.0
138.39,bus,2,9,1,0,751.0
134.73,bus,2,6,0,0,864.0
153.45,bus,2,10,0,0,969.0
112.13,bus,2,13,0,0,576.0
40.22,bus,2,8,1,0,249.0
180.99,bus,2,11,0,0,889.0
330.32,train,3,3,0,0,1737.0
291.03,train,3,14,0,0,1561.0
18.18,tuk,1,17,1,0,1999.0
328.68,train,3,12,0,0,1975.0
260.2,train,3,20,0,0,1416.0
14.92,tuk,1,23,0,0,1714.0
106.77,bus,2,21,0,0,628.0
4.55,tuk,1,2,0,0,579.0
22.31,train,3,21,0,1,275.0
12.2,tuk,1,8,1,0,1521.0
91.77,bus,2,10,0,0,576.0
6.99,tuk,1,9,1,0,817.0
90.47,bus,2,6,0,2,662.0
247.47,train,3,21,0,1,1348.0
51.91,bus,2,15,0,0,337.0
261.3,train,3,23,0,0,1351.0
87.29,taxi,4,22,0,0,13038.0
16.36,train,3,10,0,0,144.0
12.25,tuk,1,17,1,0,1479.0
213.97,train,3,12,0,0,1395.0
0.16,walk,0,11,0,0,0.0
90.18,bus,2,17,1,0,642.0
22.06,train,3,16,0,0,222.0
225.97,bus,2,21,0,0,1185.0
152.39,bus,2,18,1,0,883.0
208.84,bus,2,14,0,0,1094.0
132.62,train,3,22,0,1,843.0
162.7,train,3,2,0,0,791.0
56.02,bus,2,18,1,1,436.0
223.72,train,3,9,1,1,1543.0
0.81,tuk,1,10,0,0,235.0
13.89,tuk,1,18,1,0,1685.0
229.75,bus,2,6,0,0,1272.0
19.16,taxi,4,21,0,0,3546.0
10.63,tuk,1,11,0,0,1244.0
11.81,tuk,1,8,1,0,1416.0
17.24,tuk,1,7,1,0,1973.0
321.16,train,3,10,0,0,1995.0
2.45,tuk,1,22,0,0,419.0
19.88,bus,2,2,0,0,132.0
24.88,taxi,4,12,0,0,4432.0
1.7,walk,0,20,0,0,0.0
226.96,bus,2,11,0,1,1272.0
132.44,bus,2,13,0,0,714.0
276.75,train,3,8,1,0,1233.0
107.26,bus,2,3,0,0,738.0
159.93,bus,2,15,0,0,989.0
2.73,tuk,1,22,0,0,423.0
165.77,train,3,12,0,0,894.0
88.36,train,3,10,0,0,493.0
0.73,tuk,1,3,0,0,235.0
175.47,bus,2,22,0,0,1167.0
136.31,train,3,20,0,0,695.0
1.36,walk,0,21,0,0,0.0
15.16,tuk,1,8,1,0,1662.0
240.21,bus,2,15,0,0,1591.0
8.26,tuk,1,10,0,0,1059.0
19.35,tuk,1,5,0,0,2214.0
102.42,bus,2,4,0,0,574.0
8.33,tuk,1,9,1,0,969.0
160.22,bus,2,13,0,0,1109.0
305.9,train,3,2,0,0,1503.0
168.13,bus,2,16,0,0,1091.0
1.13,walk,0,10,0,0,0.0
289.35,train,3,21,0,0,1725.0
14.25,tuk,1,6,0,0,1686.0
69.16,train,3,1,0,0,532.0
60.71,bus,2,7,1,0,414.0
118.67,train,3,23,0,0,739.0
5.73,tuk,1,7,1,0,799.0
15.37,tuk,1,16,0,0,1760.0
171.51,bus,2,20,0,0,1081.0
1.83,walk,0,6,0,0,0.0
7.03,tuk,1,15,0,0,818.0
92.46,train,3,4,0,2,683.0
29.0,train,3,8,1,0,202.0
0.92,walk,0,7,1,0,0.0
93.03,train,3,16,0,0,475.0
64.58,train,3,21,0,0,432.0
237.7,train,3,6,0,0,1420.0
244.44,bus,2,6,0,1,1544.0
222.67,bus,2,19,1,0,1037.0
133.73,bus,2,11,0,1,914.0
148.89,bus,2,12,0,0,832.0
76.45,train,3,16,0,1,573.0
1.15,tuk,1,3,0,0,271.0
16.02,tuk,1,20,0,0,1929.0
1.99,walk,0,8,1,0,0.0
75.02,train,3,15,0,0,434.0
100.97,bus,2,10,0,0,553.0
168.62,bus,2,18,1,1,959.0
219.2,train,3,14,0,1,1193.0
88.66,taxi,4,4,0,0,12281.0
13.48,tuk,1,4,0,0,1485.0
113.01,train,3,21,0,1,791.0
237.75,train,3,12,0,0,1535.0
1.29,walk,0,6,0,0,0.0
67.54,train,3,3,0,1,591.0
9.22,bus,2,3,0,0,108.0
181.37,bus,2,22,0,0,942.0
168.63,bus,2,23,0,0,1093.0
13.62,tuk,1,9,1,0,1524.0
11.34,tuk,1,4,0,0,1377.0
5.75,tuk,1,10,0,0,673.0
11.16,tuk,1,3,0,0,1221.0
200.72,bus,2,13,0,0,967.0
150.96,bus,2,15,0,1,850.0
3.62,tuk,1,23,0,0,567.0
207.07,bus,2,7,1,1,1321.0
60.08,bus,2,4,0,0,436.0
223.59,bus,2,3,0,1,1156.0
246.57,train,3,9,1,0,1449.0
114.28,bus,2,14,0,1,825.0
131.14,train,3,1,0,0,739.0
1.85,walk,0,18,1,0,0.0
22.35,train,3,11,0,0,240.0
42.69,taxi,4,19,1,0,6432.0
20.86,train,3,11,0,0,194.0
56.78,bus,2,3,0,1,455.0
110.95,bus,2,0,0,0,684.0
40.62,bus,2,13,0,0,221.0
239.15,bus,2,12,0,0,1269.0
248.0,train,3,19,1,0,1591.0
138.54,taxi,4,21,0,0,21136.0
73.19,bus,2,3,0,2,509.0
0.8,walk,0,7,1,0,0.0
56.41,bus,2,4,0,0,342.0
11.08,tuk,1,2,0,0,1374.0
16.9,tuk,1,0,0,0,1913.0
15.26,tuk,1,1,0,0,1885.0
206.46,train,3,12,0,1,1056.0
16.1,tuk,1,3,0,0,1711.0
16.89,tuk,1,4,0,0,1920.0
1.14,walk,0,2,0,0,0.0
211.98,train,3,17,1,0,1159.0
198.95,bus,2,15,0,1,1061.0
0.23,walk,0,23,0,0,0.0
1.08,walk,0,2,0,0,0.0
17.98,bus,2,5,0,0,154.0
2.89,tuk,1,10,0,0,442.0
216.57,bus,2,15,0,1,1139.0
118.41,bus,2,3,0,0,757.0
201.46,train,3,5,0,1,1338.0
3.23,tuk,1,10,0,0,538.0
195.98,bus,2,0,0,0,1208.0
0.32,walk,0,9,1,0,0.0
63.04,taxi,4,18,1,0,8782.0
83.33,taxi,4,12,0,0,11538.0
33.12,train,3,10,0,0,294.0
157.33,bus,2,11,0,0,870.0
11.8,tuk,1,22,0,0,1245.0
277.62,train,3,12,0,0,1633.0
317.05,train,3,12,0,0,1981.0
11.89,tuk,1,22,0,0,1429.0
76.06,bus,2,3,0,1,561.0
58.47,bus,2,2,0,0,320.0
345.39,train,3,10,0,0,1585.0
171.74,bus,2,7,1,0,1130.0
227.03,bus,2,4,0,0,1166.0
152.92,bus,2,2,0,1,1077.0
12.2,tuk,1,21,0,0,1481.0
172.06,bus,2,14,0,0,901.0
0.83,walk,0,16,0,0,0.0
55.2,train,3,2,0,0,394.0
172.14,bus,2,8,1,0,1109.0
101.76,bus,2,14,0,1,678.0
8.79,tuk,1,12,0,0,930.0
7.18,tuk,1,16,0,0,812.0
193.45,bus,2,16,0,0,1305.0
11.17,tuk,1,9,1,0,1346.0
0.95,walk,0,18,1,0,0.0
63.54,train,3,6,0,0,403.0
41.59,bus,2,1,0,1,345.0
146.87,bus,2,21,0,0,977.0
22.47,bus,2,0,0,0,160.0
192.13,train,3,6,0,0,1062.0
9.76,tuk,1,2,0,0,1144.0
221.87,train,3,5,0,0,1451.0
202.13,train,3,9,1,0,1192.0
171.77,bus,2,3,0,0,1038.0
51.37,bus,2,11,0,0,316.0
89.6,train,3,22,0,1,667.0
209.36,bus,2,3,0,0,1073.0
208.72,bus,2,22,0,0,1321.0
246.81,bus,2,9,1,0,1202.0
6.42,tuk,1,14,0,0,850.0
6.09,tuk,1,10,0,0,814.0
74.44,bus,2,7,1,0,458.0
12.4,tuk,1,2,0,0,1480.0
136.53,bus,2,14,0,0,751.0
114.11,bus,2,21,0,1,849.0
249.25,train,3,12,0,0,1575.0
1.04,walk,0,14,0,0,0.0
235.97,bus,2,15,0,1,1265.0
112.14,bus,2,9,1,1,670.0
0.5,walk,0,2,0,0,0.0
14.76,tuk,1,12,0,0,1586.0
7.29,tuk,1,20,0,0,921.0
6.28,tuk,1,7,1,0,836.0
11.19,tuk,1,20,0,0,1157.0
49.7,bus,2,20,0,0,339.0
71.74,bus,2,5,0,0,461.0
0.22,walk,0,13,0,0,0.0
2.82,tuk,1,17,1,0,487.0
1.68,walk,0,11,0,0,0.0
55.26,bus,2,16,0,0,332.0
2.42,tuk,1,21,0,0,363.0
77.76,bus,2,15,0,0,463.0
19.68,tuk,1,20,0,0,1929.0
1.69,walk,0,19,1,0,0.0
61.28,train,3,19,1,0,434.0
16.89,tuk,1,20,0,0,1983.0
5.36,tuk,1,5,0,0,768.0
16.81,tuk,1,0,0,0,1674.0
107.07,taxi,4,3,0,0,17451.0
197.65,bus,2,5,0,0,1224.0
93.1,bus,2,16,0,0,624.0
97.5,taxi,4,12,0,0,16060.0
1.38,walk,0,11,0,0,0.0
119.93,taxi,4,0,0,0,16492.0
10.87,tuk,1,16,0,0,1347.0
31.09,bus,2,8,1,0,240.0
212.34,bus,2,18,1,0,1334.0
80.8,bus,2,2,0,1,578.0
267.98,train,3,7,1,0,1507.0
10.08,tuk,1,1,0,0,1277.0
148.93,taxi,4,6,0,0,23363.0
142.98,bus,2,22,0,1,890.0
235.36,bus,2,11,0,0,1365.0
59.18,taxi,4,10,0,0,9528.0
0.67,walk,0,6,0,0,0.0
225.89,train,3,6,0,0,1048.0
80.11,bus,2,16,0,2,594.0
182.36,train,3,23,0,0,1214.0
19.58,tuk,1,17,1,0,2081.0
12.17,bus,2,17,1,0,140.0
16.85,bus,2,11,0,0,172.0
192.01,bus,2,2,0,0,1314.0
13.74,tuk,1,17,1,0,1504.0
12.65,tuk,1,19,1,0,1528.0
251.3,train,3,12,0,0,1187.0
1.11,walk,0,2,0,0,0.0
254.71,train,3,17,1,0,1274.0
61.62,taxi,4,22,0,0,8884.0
0.71,walk,0,5,0,0,0.0
10.57,tuk,1,3,0,0,1362.0
130.5,bus,2,17,1,0,757.0
1.85,walk,0,7,1,0,0.0
238.43,bus,2,17,1,0,1169.0
23.78,bus,2,16,0,1,213.0
10.61,bus,2,6,0,0,113.0
117.59,bus,2,1,0,1,715.0
173.87,bus,2,13,0,0,883.0
213.83,bus,2,9,1,0,1069.0
5.63,tuk,1,20,0,0,737.0
221.14,bus,2,8,1,1,1495.0
343.3,train,3,5,0,0,1582.0
171.84,bus,2,20,0,0,1115.0
111.73,bus,2,17,1,0,622.0
6.54,tuk,1,14,0,0,760.0
1.2,walk,0,22,0,0,0.0
7.67,tuk,1,18,1,0,1053.0
1.83,walk,0,20,0,0,0.0
5.1,taxi,4,19,1,0,1329.0
14.7,tuk,1,9,1,0,1727.0
151.78,train,3,1,0,0,934.0
17.22,tuk,1,14,0,0,2022.0
10.66,tuk,1,18,1,0,1221.0
163.63,bus,2,23,0,0,837.0
16.31,tuk,1,16,0,0,1717.0
254.09,train,3,13,0,0,1158.0
11.1,taxi,4,13,0,0,2213.0
299.23,train,3,2,0,1,1520.0
17.39,tuk,1,0,0,0,1825.0
309.23,train,3,1,0,0,1946.0
13.82,tuk,1,21,0,0,1583.0
145.29,train,3,18,1,1,1005.0
213.84,bus,2,6,0,0,1046.0
13.37,tuk,1,10,0,0,1515.0
6.56,tuk,1,11,0,0,792.0
0.98,walk,0,5,0,0,0.0
9.34,tuk,1,10,0,0,1072.0
155.64,train,3,8,1,0,899.0
326.52,train,3,16,0,0,1796.0
124.43,taxi,4,18,1,0,17443.0
17.38,tuk,1,2,0,0,2065.0
68.16,bus,2,11,0,0,379.0
17.21,tuk,1,23,0,0,2083.0
228.9,bus,2,20,0,2,1243.0
12.85,tuk,1,19,1,0,1479.0
7.1,tuk,1,17,1,0,993.0
13.98,bus,2,0,0,1,148.0
4.77,tuk,1,23,0,0,601.0
42.76,bus,2,17,1,0,255.0
69.51,bus,2,21,0,0,517.0
1.56,tuk,1,21,0,0,305.0
205.69,train,3,6,0,1,1376.0
78.75,bus,2,0,0,0,514.0
49.55,train,3,15,0,1,458.0
78.62,bus,2,11,0,0,508.0
91.99,train,3,0,0,1,715.0
173.99,train,3,6,0,0,1106.0
121.52,train,3,23,0,1,854.0
226.94,bus,2,8,1,0,1234.0
19.31,tuk,1,6,0,0,2123.0
1.69,walk,0,15,0,0,0.0
60.67,bus,2,15,0,1,421.0
1.96,walk,0,7,1,0,0.0
18.65,tuk,1,20,0,0,2062.0
1.25,walk,0,13,0,0,0.0
54.8,bus,2,3,0,0,348.0
17.12,tuk,1,7,1,0,1823.0
6.8,bus,2,20,0,0,103.0
338.5,train,3,2,0,0,2006.0
78.39,train,3,0,0,0,541.0
16.31,tuk,1,15,0,0,1869.0
235.2,bus,2,10,0,1,1307.0
145.79,bus,2,6,0,0,928.0
46.2,bus,2,11,0,1,350.0
25.31,bus,2,4,0,1,251.0
4.55,tuk,1,8,1,0,614.0
134.32,taxi,4,5,0,0,21208.0
0.21,walk,0,14,0,0,0.0
277.26,train,3,16,0,0,1295.0
249.59,bus,2,21,0,0,1663.0
15.44,tuk,1,1,0,0,1885.0
305.54,train,3,7,1,0,1745.0
0.65,walk,0,6,0,0,0.0
87.4,train,3,13,0,0,486.0
151.95,bus,2,12,0,0,819.0
1.24,tuk,1,21,0,0,288.0
0.65,walk,0,22,0,0,0.0
200.88,train,3,18,1,1,1103.0
9.92,tuk,1,4,0,0,1128.0
348.64,train,3,0,0,0,1897.0
325.11,train,3,21,0,0,1486.0
125.06,bus,2,22,0,0,684.0
8.49,tuk,1,6,0,0,981.0
227.88,train,3,1,0,0,1096.0
31.94,train,3,16,0,0,290.0
1.49,walk,0,14,0,0,0.0
19.57,tuk,1,21,0,0,2132.0
15.42,tuk,1,13,0,0,1875.0
216.48,bus,2,18,1,0,1141.0
96.23,train,3,18,1,0,597.0
82.03,bus,2,0,0,0,470.0
145.68,bus,2,3,0,1,946.0
3.47,tuk,1,18,1,0,510.0
9.09,tuk,1,4,0,0,1200.0
9.39,tuk,1,4,0,0,1056.0
328.76,train,3,18,1,0,1475.0
81.31,bus,2,4,0,1,578.0
155.15,bus,2,3,0,0,861.0
311.97,train,3,0,0,0,1622.0
1.0,walk,0,11,0,0,0.0
8.77,tuk,1,15,0,0,962.0
12.97,tuk,1,17,1,0,1670.0
77.85,taxi,4,21,0,0,12423.0
239.04,train,3,15,0,0,1322.0
173.74,bus,2,18,1,0,971.0
0.73,walk,0,5,0,0,0.0
16.82,tuk,1,8,1,0,1840.0
154.45,bus,2,7,1,0,797.0
228.93,bus,2,1,0,2,1384.0
121.5,train,3,23,0,0,724.0
121.68,train,3,5,0,0,751.0
82.09,bus,2,10,0,2,630.0
334.74,train,3,8,1,0,1682.0
22.54,taxi,4,1,0,0,3547.0
160.91,bus,2,21,0,0,868.0
12.77,bus,2,5,0,1,169.0
230.17,train,3,2,0,0,1350.0
15.52,tuk,1,8,1,0,1812.0
302.52,train,3,3,0,0,1593.0
1.58,walk,0,23,0,0,0.0
7.83,bus,2,4,0,0,86.0
18.48,train,3,7,1,0,175.0
47.35,bus,2,6,0,1,361.0
24.65,bus,2,0,0,0,227.0
122.39,bus,2,0,0,0,841.0
17.05,tuk,1,12,0,0,1782.0
4.09,tuk,1,5,0,0,595.0
11.06,tuk,1,2,0,0,1327.0
172.29,bus,2,6,0,0,904.0
35.39,bus,2,6,0,0,285.0
2.22,tuk,1,10,0,0,364.0
110.86,train,3,23,0,0,797.0
46.82,bus,2,7,1,0,296.0
244.76,bus,2,16,0,0,1583.0
234.7,bus,2,18,1,0,1485.0
18.71,tuk,1,1,0,0,2057.0
123.48,train,3,12,0,0,877.0
239.0,bus,2,10,0,0,1479.0
1.46,walk,0,12,0,0,0.0
97.2,taxi,4,4,0,0,15618.0
299.48,train,3,11,0,0,1722.0
317.27,train,3,2,0,0,1675.0
340.44,train,3,22,0,1,2126.0
323.59,train,3,14,0,0,1774.0
5.18,tuk,1,0,0,0,660.0
238.35,bus,2,12,0,0,1412.0
79.36,bus,2,22,0,0,449.0
6.53,tuk,1,17,1,0,864.0
3.29,tuk,1,6,0,0,492.0
16.69,tuk,1,21,0,0,1879.0
209.17,bus,2,4,0,0,1017.0
122.14,train,3,5,0,0,688.0
347.06,train,3,3,0,0,2175.0
1.43,tuk,1,22,0,0,254.0
16.47,tuk,1,17,1,0,1740.0
13.86,bus,2,12,0,1,157.0
218.78,bus,2,16,0,1,1140.0
221.98,train,3,6,0,0,1406.0
189.37,train,3,1,0,0,1138.0
161.08,train,3,20,0,0,883.0
245.01,train,3,23,0,0,1118.0
102.55,taxi,4,0,0,0,14024.0
226.2,bus,2,1,0,1,1329.0
1.47,walk,0,13,0,0,0.0
1.91,walk,0,1,0,0,0.0
22.54,bus,2,17,1,0,170.0
3.96,tuk,1,22,0,0,624.0
4.88,tuk,1,6,0,0,661.0
5.58,taxi,4,7,1,0,1422.0
18.08,tuk,1,20,0,0,2159.0
114.85,taxi,4,8,1,0,16110.0
252.49,train,3,5,0,0,1297.0
131.95,bus,2,2,0,0,832.0
195.69,bus,2,20,0,0,1122.0
1.49,tuk,1,22,0,0,323.0
215.74,bus,2,1,0,1,1443.0
3.25,tuk,1,19,1,0,527.0
97.05,train,3,3,0,0,624.0
15.87,tuk,1,3,0,0,1583.0
17.27,tuk,1,9,1,0,1890.0
22.23,train,3,10,0,0,237.0
154.91,bus,2,20,0,1,890.0
214.35,bus,2,16,0,0,1075.0
73.63,bus,2,3,0,0,503.0
14.58,tuk,1,14,0,0,1625.0
93.08,bus,2,21,0,0,616.0
19.19,tuk,1,15,0,0,1951.0
12.32,tuk,1,5,0,0,1522.0
3.25,tuk,1,3,0,0,485.0
13.07,tuk,1,10,0,0,1577.0
16.97,tuk,1,11,0,0,1689.0
244.03,bus,2,8,1,0,1591.0
0.57,tuk,1,2,0,0,223.0
12.66,tuk,1,2,0,0,1429.0
115.15,bus,2,12,0,0,827.0
6.83,tuk,1,22,0,0,762.0
61.46,bus,2,14,0,0,350.0
227.78,train,3,10,0,0,1467.0
242.54,bus,2,22,0,0,1312.0
265.44,train,3,16,0,0,1248.0
1.71,walk,0,17,1,0,0.0
0.65,walk,0,13,0,0,0.0
54.5,train,3,18,1,0,422.0
327.58,train,3,12,0,0,1732.0
244.9,train,3,14,0,0,1285.0
0.87,walk,0,14,0,0,0.0
244.57,train,3,18,1,0,1102.0
41.62,bus,2,21,0,1,387.0
15.24,tuk,1,7,1,0,1933.0
11.56,tuk,1,16,0,0,1179.0
58.16,taxi,4,0,0,0,9271.0
0.59,walk,0,12,0,0,0.0
265.94,train,3,21,0,0,1190.0
126.8,bus,2,15,0,0,738.0
37.96,train,3,6,0,0,306.0
324.4,train,3,14,0,0,1995.0
258.63,train,3,8,1,1,1611.0
17.42,tuk,1,10,0,0,1887.0
0.89,walk,0,5,0,0,0.0
190.41,bus,2,14,0,0,958.0
143.08,bus,2,4,0,0,990.0
8.64,tuk,1,10,0,0,1051.0
13.62,tuk,1,22,0,0,1637.0
15.01,tuk,1,18,1,0,1581.0
0.32,walk,0,9,1,0,0.0
1.68,walk,0,23,0,0,0.0
51.83,train,3,0,0,0,365.0
13.83,tuk,1,23,0,0,1594.0
81.62,taxi,4,8,1,0,12935.0
14.97,taxi,4,19,1,0,2774.0
6.33,tuk,1,22,0,0,736.0
304.36,train,3,14,0,0,1924.0
64.82,bus,2,14,0,0,455.0
229.7,bus,2,17,1,1,1575.0
1.67,walk,0,5,0,0,0.0
18.89,tuk,1,4,0,0,1866.0
0.83,walk,0,8,1,0,0.0
217.92,bus,2,11,0,1,1436.0
48.0,taxi,4,17,1,0,7450.0
208.49,bus,2,6,0,0,1126.0
167.27,train,3,13,0,2,1165.0
28.85,taxi,4,0,0,0,4338.0
183.06,bus,2,0,0,0,1079.0
0.91,walk,0,23,0,0,0.0
176.5,train,3,20,0,1,946.0
34.79,bus,2,20,0,1,291.0
1.6,walk,0,7,1,0,0.0
33.02,bus,2,12,0,0,301.0
40.54,train,3,16,0,0,275.0
14.36,tuk,1,6,0,0,1429.0
195.75,bus,2,17,1,0,995.0
16.81,tuk,1,16,0,0,1682.0
1.42,walk,0,9,1,0,0.0
0.21,walk,0,10,0,0,0.0
227.2,train,3,7,1,0,1416.0
148.55,train,3,19,1,1,895.0
1.8,tuk,1,23,0,0,345.0
18.59,tuk,1,23,0,0,2291.0
18.88,tuk,1,18,1,0,2175.0
1.91,walk,0,8,1,0,0.0
179.85,bus,2,18,1,0,941.0
57.68,bus,2,5,0,0,366.0
234.27,bus,2,21,0,0,1405.0
44.25,bus,2,6,0,0,354.0
227.71,bus,2,9,1,1,1401.0
1.64,walk,0,2,0,0,0.0
2.28,tuk,1,1,0,0,376.0
99.3,train,3,9,1,0,628.0
211.44,train,3,13,0,0,1284.0
97.15,train,3,0,0,1,717.0
97.47,train,3,20,0,0,598.0
18.53,bus,2,2,0,0,119.0
109.27,train,3,23,0,1,675.0
50.33,bus,2,6,0,0,305.0
1.94,walk,0,9,1,0,0.0
0.87,walk,0,3,0,0,0.0
13.33,tuk,1,19,1,0,1410.0
0.97,walk,0,17,1,0,0.0
170.41,bus,2,1,0,0,1099.0
168.84,train,3,2,0,0,846.0
178.95,train,3,14,0,1,953.0
133.92,bus,2,20,0,0,754.0
18.88,tuk,1,2,0,0,2323.0
340.81,train,3,5,0,0,1634.0
14.07,bus,2,13,0,0,126.0
1.45,walk,0,2,0,0,0.0
13.68,tuk,1,7,1,0,1547.0
2.59,tuk,1,0,0,0,417.0
5.35,tuk,1,11,0,0,734.0
318.77,train,3,17,1,0,1806.0
275.76,train,3,9,1,0,1588.0
214.65,bus,2,6,0,0,1135.0
17.86,tuk,1,10,0,0,1928.0
303.97,train,3,12,0,0,1335.0
197.66,bus,2,3,0,0,1039.0
3.68,tuk,1,2,0,0,471.0
93.81,bus,2,4,0,1,528.0
43.78,bus,2,23,0,0,331.0
216.16,bus,2,17,1,1,1389.0
1.88,tuk,1,3,0,0,367.0
59.81,bus,2,7,1,2,479.0
0.69,walk,0,9,1,0,0.0
18.29,tuk,1,4,0,0,2160.0
19.1,tuk,1,20,0,0,2193.0
52.11,taxi,4,22,0,0,7402.0
16.16,tuk,1,5,0,0,1972.0
55.6,bus,2,0,0,0,350.0
7.57,tuk,1,6,0,0,1009.0
294.71,train,3,13,0,1,1515.0
242.92,bus,2,19,1,0,1612.0
265.04,train,3,8,1,0,1602.0
4.26,tuk,1,6,0,0,552.0
6.23,tuk,1,5,0,0,838.0
42.14,bus,2,0,0,2,413.0
3.66,tuk,1,0,0,0,541.0
175.39,train,3,10,0,0,846.0
348.01,train,3,14,0,0,1783.0
114.66,bus,2,0,0,0,682.0
9.06,taxi,4,4,0,0,1719.0
221.81,bus,2,21,0,1,1305.0
9.88,tuk,1,23,0,0,1189.0
28.64,bus,2,15,0,0,225.0
1.31,walk,0,12,0,0,0.0
29.85,train,3,13,0,0,244.0
16.66,tuk,1,8,1,0,1932.0
16.69,tuk,1,4,0,0,1691.0
147.31,bus,2,9,1,0,866.0
1.01,walk,0,16,0,0,0.0
1.6,walk,0,15,0,0,0.0
92.86,bus,2,16,0,0,607.0
0.81,walk,0,14,0,0,0.0
37.62,bus,2,1,0,0,240.0
3.58,tuk,1,15,0,0,470.0
1.35,tuk,1,21,0,0,283.0
7.62,tuk,1,15,0,0,983.0
160.63,train,3,13,0,0,949.0
84.55,taxi,4,5,0,0,13115.0
0.51,tuk,1,19,1,0,264.0
92.98,taxi,4,10,0,0,13842.0
21.17,bus,2,6,0,1,251.0
73.11,bus,2,11,0,0,458.0
308.48,train,3,2,0,0,1698.0
244.06,train,3,22,0,0,1071.0
264.99,train,3,16,0,1,1535.0
227.69,bus,2,7,1,0,1168.0
134.72,bus,2,19,1,1,896.0
15.84,tuk,1,1,0,0,1622.0
15.29,tuk,1,9,1,0,1752.0
54.54,bus,2,15,0,0,391.0
1.03,walk,0,0,0,0,0.0
15.71,tuk,1,17,1,0,1748.0
1.39,walk,0,19,1,0,0.0
6.92,tuk,1,14,0,0,840.0
64.47,bus,2,4,0,1,554.0
82.04,bus,2,17,1,0,462.0
7.66,bus,2,8,1,0,118.0
1.23,walk,0,17,1,0,0.0
78.59,bus,2,15,0,0,499.0
22.06,bus,2,2,0,0,173.0
189.16,train,3,2,0,1,1056.0
168.22,bus,2,0,0,0,964.0
169.41,bus,2,1,0,1,1046.0
165.81,bus,2,7,1,1,890.0
100.84,taxi,4,0,0,0,16232.0
174.03,train,3,22,0,0,843.0
193.61,bus,2,21,0,2,1089.0
59.62,bus,2,4,0,0,414.0
0.8,walk,0,7,1,0,0.0
345.18,train,3,17,1,0,1738.0
16.56,tuk,1,15,0,0,1754.0
13.8,tuk,1,13,0,0,1539.0
49.5,taxi,4,23,0,0,7681.0
74.86,train,3,15,0,0,535.0
0.46,walk,0,16,0,0,0.0
1.42,walk,0,12,0,0,0.0
1.54,walk,0,12,0,0,0.0
134.13,bus,2,6,0,2,927.0
0.71,walk,0,12,0,0,0.0
316.31,train,3,22,0,0,1382.0
315.61,train,3,9,1,0,1509.0
209.17,bus,2,3,0,0,1307.0
69.23,bus,2,14,0,1,549.0
11.42,tuk,1,18,1,0,1415.0
1.59,walk,0,23,0,0,0.0
242.71,train,3,13,0,0,1331.0
10.44,tuk,1,18,1,0,1193.0
1.96,walk,0,6,0,0,0.0
8.15,tuk,1,10,0,0,1030.0
1.79,walk,0,10,0,0,0.0
190.63,bus,2,7,1,0,1178.0
183.65,train,3,17,1,0,1175.0
265.42,train,3,21,0,0,1525.0
15.43,bus,2,7,1,0,157.0
121.23,train,3,3,0,0,818.0
170.38,bus,2,19,1,1,934.0
216.49,train,3,20,0,0,1280.0
94.23,bus,2,22,0,1,552.0
10.14,tuk,1,6,0,0,1094.0
281.36,train,3,17,1,0,1810.0
2.24,tuk,1,17,1,0,387.0
0.87,walk,0,18,1,0,0.0
13.86,tuk,1,19,1,0,1680.0
43.67,bus,2,22,0,0,331.0
163.01,bus,2,11,0,0,791.0
39.37,bus,2,1,0,0,316.0
52.33,train,3,4,0,0,327.0
5.89,tuk,1,21,0,0,807.0
56.76,bus,2,20,0,0,370.0
17.99,tuk,1,0,0,0,2193.0
87.26,train,3,8,1,0,591.0
13.42,tuk,1,5,0,0,1498.0
6.8,tuk,1,7,1,0,862.0
150.9,bus,2,15,0,0,1004.0
156.59,bus,2,12,0,0,970.0
193.64,train,3,11,0,0,1162.0
18.36,bus,2,10,0,1,223.0
16.66,train,3,15,0,0,203.0
91.01,bus,2,16,0,1,530.0
1.23,walk,0,1,0,0,0.0
0.6,tuk,1,3,0,0,213.0
1.3,walk,0,8,1,0,0.0
18.19,tuk,1,10,0,0,1973.0
118.38,bus,2,23,0,0,818.0
237.16,bus,2,21,0,0,1251.0
147.24,bus,2,15,0,0,887.0
193.64,bus,2,0,0,1,1182.0
30.73,bus,2,2,0,0,246.0
20.28,bus,2,10,0,0,188.0
7.16,tuk,1,14,0,0,955.0
6.16,tuk,1,15,0,0,767.0
184.14,bus,2,3,0,0,1060.0
21.02,bus,2,21,0,1,222.0
19.76,tuk,1,11,0,0,2302.0
12.36,tuk,1,14,0,0,1418.0
249.34,bus,2,0,0,1,1518.0
162.6,bus,2,19,1,1,1012.0
4.72,tuk,1,13,0,0,676.0
203.78,bus,2,5,0,0,1357.0
291.69,train,3,7,1,0,1694.0
1.6,walk,0,8,1,0,0.0
262.94,train,3,0,0,0,1630.0
15.21,tuk,1,22,0,0,1737.0
217.85,bus,2,19,1,0,1166.0
213.55,bus,2,21,0,0,1265.0
1.43,walk,0,8,1,0,0.0
191.53,train,3,13,0,0,1116.0
187.24,bus,2,10,0,2,1036.0
99.21,taxi,4,11,0,0,13642.0
15.14,tuk,1,14,0,0,1573.0
196.73,train,3,10,0,0,996.0
275.66,train,3,18,1,0,1290.0
135.26,bus,2,1,0,0,836.0
7.48,tuk,1,4,0,0,977.0
181.33,bus,2,21,0,0,1078.0
144.61,bus,2,21,0,0,721.0
78.26,train,3,19,1,0,440.0
205.78,bus,2,8,1,0,1109.0
15.29,tuk,1,10,0,0,1724.0
14.64,tuk,1,0,0,0,1593.0
165.22,bus,2,6,0,0,909.0
68.16,taxi,4,17,1,0,11289.0
1.12,walk,0,8,1,0,0.0
259.55,train,3,11,0,0,1601.0
314.51,train,3,2,0,0,1629.0
0.42,walk,0,11,0,0,0.0
14.44,tuk,1,17,1,0,1483.0
115.23,bus,2,13,0,0,577.0
89.46,bus,2,13,0,0,481.0
0.69,walk,0,21,0,0,0.0
95.31,train,3,5,0,0,509.0
121.66,bus,2,7,1,1,852.0
158.68,train,3,14,0,0,898.0
218.22,train,3,11,0,0,1068.0
52.8,train,3,23,0,1,495.0
104.54,bus,2,1,0,1,613.0
12.39,tuk,1,2,0,0,1271.0
244.03,bus,2,8,1,1,1448.0
5.63,tuk,1,11,0,0,760.0
64.43,bus,2,21,0,0,427.0
3.38,tuk,1,11,0,0,501.0
212.01,bus,2,10,0,1,1232.0
0.42,walk,0,4,0,0,0.0
17.8,tuk,1,10,0,0,1784.0
3.21,tuk,1,12,0,0,500.0
204.69,bus,2,14,0,0,1267.0
195.87,train,3,14,0,0,1267.0
1.54,walk,0,10,0,0,0.0
322.07,train,3,3,0,0,1662.0
168.57,train,3,3,0,0,1017.0
2.65,tuk,1,3,0,0,387.0
137.87,bus,2,14,0,1,785.0
176.74,bus,2,20,0,0,937.0
1.11,tuk,1,21,0,0,236.0
61.47,bus,2,7,1,1,435.0
0.63,walk,0,1,0,0,0.0
70.42,train,3,15,0,1,509.0
104.41,train,3,0,0,0,564.0
124.39,train,3,15,0,0,749.0
127.1,bus,2,9,1,0,650.0
52.44,bus,2,20,0,0,383.0
76.58,taxi,4,15,0,0,11049.0
4.82,tuk,1,17,1,0,658.0
0.87,walk,0,9,1,0,0.0
141.46,bus,2,20,0,0,948.0
7.04,tuk,1,12,0,0,898.0
4.34,tuk,1,15,0,0,588.0
1.62,walk,0,8,1,0,0.0
81.39,bus,2,10,0,1,529.0
16.89,tuk,1,20,0,0,1802.0
16.92,tuk,1,9,1,0,1731.0
1.11,walk,0,0,0,0,0.0
208.08,bus,2,9,1,0,1412.0
276.32,train,3,9,1,0,1534.0
11.1,tuk,1,10,0,0,1369.0
6.61,bus,2,1,0,0,98.0
96.33,train,3,3,0,0,505.0
11.01,tuk,1,7,1,0,1413.0
84.79,train,3,10,0,1,669.0
227.83,bus,2,0,0,1,1201.0
181.72,bus,2,9,1,0,1100.0
1.58,walk,0,7,1,0,0.0
0.91,walk,0,0,0,0,0.0
98.59,taxi,4,6,0,0,13856.0
280.09,train,3,6,0,0,1542.0
263.75,train,3,3,0,0,1704.0
311.23,train,3,18,1,0,1878.0
1.71,walk,0,1,0,0,0.0
82.29,train,3,13,0,1,678.0
154.07,bus,2,15,0,1,893.0
212.64,train,3,19,1,0,985.0
1.8,walk,0,13,0,0,0.0
14.06,tuk,1,13,0,0,1440.0
69.22,train,3,18,1,1,574.0
302.72,train,3,20,0,0,1578.0
140.95,bus,2,5,0,0,762.0
13.01,tuk,1,19,1,0,1678.0
9.31,tuk,1,11,0,0,1215.0
94.0,taxi,4,2,0,0,13452.0
96.68,bus,2,14,0,0,639.0
46.92,bus,2,23,0,0,305.0
98.85,bus,2,3,0,0,550.0
18.85,bus,2,0,0,0,169.0
9.22,bus,2,21,0,0,116.0
120.72,bus,2,14,0,2,901.0
315.8,train,3,5,0,0,1876.0
334.35,train,3,19,1,2,1771.0
122.92,train,3,9,1,0,754.0
28.08,bus,2,7,1,1,231.0
101.01,bus,2,6,0,1,592.0
171.57,train,3,14,0,0,814.0
260.84,train,3,3,0,1,1525.0
131.36,bus,2,8,1,0,769.0
232.74,bus,2,7,1,1,1633.0
45.94,train,3,1,0,0,344.0
33.97,bus,2,18,1,0,261.0
48.21,train,3,0,0,0,377.0
12.21,tuk,1,23,0,0,1270.0
36.24,bus,2,2,0,2,353.0
68.21,bus,2,8,1,0,468.0
1.2,walk,0,2,0,0,0.0
73.45,train,3,8,1,1,538.0
228.68,bus,2,14,0,0,1378.0
14.75,tuk,1,2,0,0,1667.0
152.7,train,3,12,0,0,832.0
133.35,train,3,18,1,0,889.0
192.34,train,3,10,0,1,1170.0
193.33,bus,2,2,0,1,1311.0
332.66,train,3,16,0,0,1993.0
110.9,bus,2,4,0,1,779.0
66.12,bus,2,0,0,0,401.0
0.74,walk,0,10,0,0,0.0
97.32,bus,2,6,0,0,624.0
22.11,train,3,0,0,0,208.0
144.25,bus,2,18,1,0,735.0
242.55,bus,2,14,0,0,1448.0
57.23,train,3,21,0,0,385.0
30.79,bus,2,11,0,0,222.0
13.88,tuk,1,10,0,0,1646.0
87.47,taxi,4,20,0,0,12930.0
101.85,train,3,1,0,0,628.0
96.01,taxi,4,8,1,0,13351.0
122.72,taxi,4,19,1,0,20243.0
43.79,train,3,7,1,0,300.0
154.4,train,3,21,0,0,842.0
89.74,bus,2,6,0,0,564.0
7.6,tuk,1,9,1,0,959.0
92.73,bus,2,21,0,0,616.0
172.67,train,3,5,0,0,831.0
50.84,bus,2,23,0,0,294.0
231.5,train,3,1,0,0,1114.0
18.73,tuk,1,6,0,0,2274.0
107.88,bus,2,14,0,1,607.0
37.13,bus,2,14,0,1,298.0
35.25,bus,2,21,0,1,318.0
6.02,tuk,1,23,0,0,770.0
2.21,tuk,1,16,0,0,388.0
32.35,train,3,15,0,0,358.0
46.98,bus,2,7,1,1,333.0
1.67,walk,0,19,1,0,0.0
0.98,walk,0,15,0,0,0.0
242.83,bus,2,0,0,0,1248.0
11.74,tuk,1,19,1,0,1435.0
177.15,train,3,8,1,0,900.0
122.37,train,3,11,0,1,690.0
10.11,tuk,1,11,0,0,1150.0
124.11,bus,2,19,1,1,889.0
14.77,tuk,1,6,0,0,1843.0
3.4,tuk,1,9,1,0,539.0
302.95,train,3,0,0,0,1508.0
148.63,bus,2,8,1,0,948.0
189.33,train,3,2,0,0,1069.0
3.96,tuk,1,13,0,0,581.0
16.39,tuk,1,21,0,0,1843.0
193.9,bus,2,11,0,0,1092.0
128.81,bus,2,21,0,1,773.0
40.08,taxi,4,23,0,0,5708.0
19.11,tuk,1,1,0,0,2192.0
197.16,train,3,12,0,1,1078.0
221.81,train,3,12,0,0,988.0
109.5,bus,2,9,1,1,735.0
18.51,tuk,1,19,1,0,2097.0
159.22,bus,2,9,1,0,951.0
1.2,tuk,1,1,0,0,265.0
316.26,train,3,13,0,0,1875.0
234.6,bus,2,4,0,0,1467.0
134.19,train,3,8,1,0,819.0
89.18,bus,2,12,0,0,549.0
5.14,bus,2,17,1,0,99.0
164.28,train,3,6,0,0,1034.0
57.05,bus,2,9,1,0,430.0
180.15,train,3,1,0,0,1036.0
16.77,tuk,1,9,1,0,1992.0
51.91,taxi,4,13,0,0,8125.0
276.52,train,3,14,0,0,1643.0
181.88,train,3,7,1,0,1119.0
195.47,bus,2,1,0,0,1297.0
283.26,train,3,13,0,0,1285.0
3.78,tuk,1,15,0,0,525.0
79.93,train,3,2,0,0,526.0
1.39,tuk,1,12,0,0,319.0
5.65,tuk,1,2,0,0,734.0
144.63,bus,2,10,0,1,1074.0
19.78,tuk,1,15,0,0,2199.0
185.79,bus,2,17,1,1,946.0
105.95,train,3,17,1,1,671.0
5.24,tuk,1,18,1,0,755.0
70.04,train,3,5,0,0,540.0
0.78,walk,0,20,0,0,0.0
85.25,train,3,8,1,0,573.0
117.14,train,3,8,1,0,793.0
198.55,bus,2,18,1,0,1237.0
262.84,train,3,7,1,0,1395.0
291.9,train,3,1,0,0,1763.0
169.23,train,3,17,1,1,1148.0
15.42,bus,2,15,0,2,241.0
234.16,bus,2,13,0,1,1236.0
321.12,train,3,3,0,0,1466.0
13.03,tuk,1,15,0,0,1332.0
229.32,train,3,4,0,0,1110.0
10.17,tuk,1,13,0,0,1204.0
337.15,train,3,12,0,0,1982.0
1.12,walk,0,18,1,0,0.0
0.14,walk,0,23,0,0,0.0
56.54,taxi,4,4,0,0,8228.0
243.66,train,3,2,0,0,1483.0
80.65,train,3,13,0,1,512.0
85.53,taxi,4,22,0,0,13164.0
106.5,bus,2,3,0,0,676.0
11.04,tuk,1,11,0,0,1252.0
4.26,tuk,1,9,1,0,612.0
50.64,bus,2,7,1,0,319.0
3.71,tuk,1,15,0,0,542.0
332.61,train,3,7,1,0,1782.0
1.29,walk,0,11,0,0,0.0
4.97,tuk,1,20,0,0,644.0
8.86,tuk,1,9,1,0,995.0
4.38,tuk,1,0,0,0,618.0
3.75,tuk,1,21,0,0,492.0
60.53,bus,2,6,0,0,441.0
2.02,tuk,1,18,1,0,365.0
38.87,bus,2,18,1,0,233.0
239.25,train,3,12,0,0,1310.0
121.33,bus,2,2,0,0,688.0
83.89,bus,2,22,0,0,532.0
235.56,bus,2,16,0,0,1329.0
12.84,tuk,1,10,0,0,1385.0
10.44,tuk,1,20,0,0,1129.0
120.04,taxi,4,18,1,0,17872.0
19.88,bus,2,18,1,1,250.0
7.68,tuk,1,4,0,0,907.0
136.59,bus,2,15,0,1,970.0
154.82,train,3,6,0,0,1026.0
232.88,bus,2,1,0,0,1237.0
213.04,bus,2,8,1,0,1078.0
327.42,train,3,2,0,1,1754.0
231.38,bus,2,2,0,0,1526.0
194.63,bus,2,17,1,0,1095.0
15.05,tuk,1,12,0,0,1683.0
17.63,tuk,1,9,1,0,1850.0
64.54,taxi,4,4,0,0,9137.0
185.71,bus,2,18,1,1,1278.0
248.43,bus,2,15,0,1,1296.0
107.63,bus,2,14,0,0,546.0
1.63,walk,0,4,0,0,0.0
233.51,train,3,2,0,1,1329.0
11.74,tuk,1,2,0,0,1282.0
326.04,train,3,0,0,0,1483.0
157.92,bus,2,23,0,0,952.0
16.07,tuk,1,8,1,0,1966.0
1.49,walk,0,15,0,0,0.0
28.45,train,3,23,0,0,272.0
18.67,tuk,1,22,0,0,2228.0
1.2,walk,0,7,1,0,0.0
312.15,train,3,11,0,1,1690.0
25.39,bus,2,11,0,0,213.0
108.62,bus,2,0,0,0,596.0
19.53,tuk,1,18,1,0,2001.0
121.45,train,3,13,0,0,874.0
18.27,tuk,1,8,1,0,1928.0
0.8,tuk,1,13,0,0,247.0
16.86,tuk,1,17,1,0,2039.0
17.14,tuk,1,0,0,0,1853.0
0.53,tuk,1,15,0,0,232.0
1.38,walk,0,20,0,0,0.0
3.32,tuk,1,17,1,0,528.0
177.58,bus,2,14,0,0,1070.0
347.19,train,3,2,0,0,1964.0
0.15,walk,0,17,1,0,0.0
1.15,tuk,1,18,1,0,270.0
61.22,train,3,11,0,0,466.0
260.42,train,3,13,0,0,1219.0
116.16,bus,2,14,0,0,731.0
0.67,tuk,1,2,0,0,211.0
226.82,bus,2,6,0,0,1131.0
16.32,tuk,1,19,1,0,2017.0
10.68,tuk,1,23,0,0,1149.0
106.06,bus,2,6,0,0,671.0
211.49,bus,2,9,1,0,1088.0
195.92,bus,2,21,0,0,1075.0
160.1,bus,2,3,0,0,851.0
3.95,tuk,1,6,0,0,572.0
18.52,tuk,1,1,0,0,2172.0
302.74,train,3,5,0,0,1522.0
61.8,train,3,15,0,0,417.0
3.53,tuk,1,8,1,0,507.0
67.65,bus,2,23,0,0,499.0
11.72,tuk,1,21,0,0,1455.0
1.64,walk,0,21,0,0,0.0
235.15,train,3,17,1,1,1277.0
2.55,tuk,1,16,0,0,392.0
191.07,bus,2,12,0,1,1303.0
68.3,bus,2,23,0,0,407.0
6.06,tuk,1,2,0,0,715.0
1.84,walk,0,17,1,0,0.0
7.19,tuk,1,3,0,0,940.0
147.36,taxi,4,8,1,0,23134.0
133.85,bus,2,6,0,0,773.0
17.24,bus,2,14,0,0,169.0
0.48,walk,0,18,1,0,0.0
94.72,bus,2,1,0,0,643.0
0.52,walk,0,14,0,0,0.0
87.72,bus,2,5,0,1,501.0
279.7,train,3,1,0,0,1764.0
164.72,bus,2,10,0,0,1015.0
9.54,tuk,1,13,0,0,1087.0
1.4,walk,0,4,0,0,0.0
0.65,walk,0,9,1,0,0.0
157.7,bus,2,22,0,1,1046.0
224.36,train,3,8,1,2,1575.0
9.49,tuk,1,23,0,0,1150.0
140.43,bus,2,20,0,0,831.0
85.94,bus,2,8,1,0,470.0
0.23,walk,0,13,0,0,0.0
16.83,tuk,1,17,1,0,1763.0
14.55,tuk,1,11,0,0,1807.0
176.77,bus,2,9,1,0,980.0
218.7,bus,2,7,1,0,1216.0
220.65,train,3,3,0,0,1120.0
245.99,train,3,0,0,0,1145.0
312.44,train,3,8,1,0,1645.0
45.15,taxi,4,19,1,0,7346.0
297.96,train,3,5,0,0,1551.0
172.9,train,3,4,0,0,847.0
228.05,train,3,7,1,0,1180.0
262.64,train,3,14,0,0,1585.0
105.82,train,3,5,0,0,683.0
149.14,train,3,5,0,0,940.0
120.0,bus,2,2,0,0,770.0
61.64,bus,2,7,1,1,432.0
30.85,bus,2,5,0,0,203.0
278.15,train,3,19,1,1,1834.0
210.08,bus,2,21,0,0,1404.0
159.4,train,3,8,1,0,767.0
153.83,train,3,2,0,0,945.0
69.44,taxi,4,2,0,0,9986.0
17.17,tuk,1,7,1,0,1763.0
90.61,train,3,11,0,0,529.0
302.98,train,3,12,0,0,1287.0
229.88,train,3,7,1,0,1439.0
280.61,train,3,8,1,1,1358.0
74.18,bus,2,6,0,0,469.0
161.76,bus,2,12,0,0,946.0
8.22,tuk,1,16,0,0,1017.0
95.06,taxi,4,1,0,0,13535.0
12.02,tuk,1,11,0,0,1448.0
247.42,train,3,15,0,0,1415.0
271.14,train,3,16,0,0,1524.0
135.71,bus,2,13,0,0,852.0
15.24,tuk,1,12,0,0,1692.0
14.92,tuk,1,16,0,0,1786.0
337.0,train,3,9,1,0,1833.0
159.08,bus,2,13,0,0,896.0
1.98,walk,0,7,1,0,0.0
230.47,train,3,10,0,0,1361.0
11.9,tuk,1,2,0,0,1254.0
272.53,train,3,8,1,0,1222.0
9.06,tuk,1,3,0,0,1118.0
15.51,tuk,1,5,0,0,1928.0
1.59,walk,0,10,0,0,0.0
153.21,bus,2,12,0,0,957.0
16.71,bus,2,22,0,1,240.0
188.01,train,3,0,0,0,951.0
236.27,bus,2,21,0,0,1485.0
8.87,tuk,1,7,1,0,988.0
1.52,tuk,1,17,1,0,350.0
19.15,tuk,1,16,0,0,2076.0
140.79,train,3,23,0,0,913.0
9.03,tuk,1,2,0,0,1148.0
124.86,taxi,4,23,0,0,16938.0
18.98,tuk,1,1,0,0,2249.0
1.1,walk,0,21,0,0,0.0
16.66,tuk,1,15,0,0,1858.0
0.99,walk,0,11,0,0,0.0
42.03,train,3,9,1,0,302.0
51.88,bus,2,2,0,0,365.0
15.7,tuk,1,19,1,0,1837.0
158.76,bus,2,17,1,0,835.0
129.84,bus,2,22,0,0,659.0
305.1,train,3,17,1,0,1652.0
6.64,taxi,4,22,0,0,1495.0
6.29,bus,2,21,0,0,71.0
154.82,train,3,10,0,0,786.0
287.72,train,3,16,0,0,1539.0
87.76,bus,2,6,0,0,574.0
149.96,train,3,19,1,0,876.0
1.55,walk,0,14,0,0,0.0
103.52,train,3,10,0,0,656.0
102.99,taxi,4,15,0,0,15542.0
1.53,walk,0,6,0,0,0.0
36.36,train,3,14,0,0,307.0
199.05,train,3,11,0,1,973.0
10.77,tuk,1,7,1,0,1370.0
149.2,bus,2,23,0,0,780.0
108.9,train,3,1,0,0,652.0
104.01,taxi,4,18,1,0,16226.0
9.9,tuk,1,5,0,0,1079.0
17.6,tuk,1,5,0,0,1956.0
43.17,bus,2,3,0,1,361.0
0.94,tuk,1,2,0,0,250.0
4.17,tuk,1,2,0,0,612.0
0.85,walk,0,19,1,0,0.0
4.19,tuk,1,22,0,0,621.0
230.71,bus,2,14,0,0,1125.0
156.5,bus,2,0,0,2,982.0
145.77,bus,2,20,0,0,770.0
142.81,train,3,14,0,0,777.0
135.29,bus,2,12,0,0,752.0
2.64,tuk,1,22,0,0,455.0
0.85,walk,0,9,1,0,0.0
19.33,tuk,1,8,1,0,2201.0
0.51,tuk,1,18,1,0,220.0
10.77,tuk,1,12,0,0,1242.0
1.55,walk,0,17,1,0,0.0
18.53,tuk,1,16,0,0,2073.0
143.69,bus,2,20,0,0,930.0
84.79,bus,2,7,1,0,536.0
308.32,train,3,1,0,0,1797.0
288.84,train,3,11,0,0,1654.0
244.77,bus,2,15,0,0,1338.0
5.43,tuk,1,19,1,0,669.0
96.42,bus,2,6,0,0,521.0
0.46,walk,0,17,1,0,0.0
6.46,bus,2,19,1,2,178.0
95.74,bus,2,19,1,0,619.0
222.15,bus,2,19,1,0,1161.0
19.59,tuk,1,23,0,0,2287.0
103.6,bus,2,15,0,0,600.0
84.53,train,3,8,1,0,627.0
176.83,train,3,10,0,1,1144.0
230.64,bus,2,17,1,0,1315.0
125.57,bus,2,5,0,0,741.0
0.77,walk,0,14,0,0,0.0
255.36,train,3,13,0,0,1353.0
198.51,bus,2,15,0,1,1174.0
6.05,tuk,1,10,0,0,837.0
0.63,tuk,1,17,1,0,227.0
309.54,train,3,1,0,0,1793.0
188.04,bus,2,17,1,0,1105.0
119.38,bus,2,19,1,0,688.0
32.23,bus,2,21,0,1,302.0
237.59,bus,2,22,0,1,1326.0
181.09,bus,2,8,1,0,1173.0
11.25,tuk,1,1,0,0,1427.0
87.79,bus,2,15,0,1,494.0
110.03,bus,2,2,0,0,631.0
0.25,walk,0,6,0,0,0.0
190.08,train,3,16,0,0,1137.0
11.8,tuk,1,14,0,0,1243.0
159.8,bus,2,14,0,0,853.0
33.34,bus,2,18,1,0,221.0
201.61,bus,2,3,0,0,1211.0
78.12,bus,2,18,1,0,473.0
137.48,taxi,4,14,0,0,21408.0
226.9,bus,2,10,0,0,1147.0
89.13,train,3,11,0,0,604.0
46.13,train,3,12,0,0,360.0
15.63,tuk,1,13,0,0,1831.0
10.18,tuk,1,8,1,0,1192.0
21.77,bus,2,5,0,0,133.0
4.47,tuk,1,4,0,0,627.0
108.08,bus,2,8,1,0,657.0
205.68,bus,2,6,0,1,1390.0
150.82,bus,2,12,0,1,893.0
10.69,tuk,1,21,0,0,1134.0
68.86,train,3,2,0,0,454.0
9.49,bus,2,7,1,0,96.0
57.18,train,3,1,0,1,461.0
0.28,walk,0,23,0,0,0.0
10.41,bus,2,16,0,1,204.0
1.82,walk,0,5,0,0,0.0
224.5,bus,2,9,1,0,1213.0
10.75,tuk,1,17,1,0,1207.0
17.51,train,3,22,0,0,196.0
9.21,tuk,1,13,0,0,1145.0
13.41,bus,2,6,0,0,100.0
16.21,tuk,1,16,0,0,1744.0
230.26,bus,2,16,0,0,1432.0
44.26,bus,2,15,0,0,292.0
72.79,bus,2,1,0,1,542.0
9.29,tuk,1,16,0,0,1046.0
15.05,tuk,1,0,0,0,1749.0
19.36,tuk,1,21,0,0,2285.0
28.57,taxi,4,21,0,0,4669.0
241.26,bus,2,13,0,0,1364.0
1.03,walk,0,15,0,0,0.0
40.82,taxi,4,1,0,0,6841.0
1.82,walk,0,20,0,0,0.0
53.5,bus,2,6,0,0,352.0
345.32,train,3,6,0,0,1813.0
165.94,train,3,16,0,0,1034.0
209.91,train,3,22,0,1,1134.0
15.01,bus,2,11,0,0,175.0
62.89,taxi,4,12,0,0,9016.0
1.71,walk,0,13,0,0,0.0
143.85,taxi,4,6,0,0,21321.0
207.02,train,3,14,0,0,962.0
141.9,train,3,23,0,1,987.0
14.82,tuk,1,9,1,0,1648.0
8.2,tuk,1,18,1,0,951.0
210.87,bus,2,18,1,0,1171.0
164.1,bus,2,20,0,1,912.0
10.86,bus,2,17,1,0,87.0
134.82,train,3,22,0,0,688.0
219.49,bus,2,17,1,0,1136.0
7.44,tuk,1,23,0,0,870.0
179.37,bus,2,17,1,0,1010.0
6.13,tuk,1,20,0,0,824.0
14.01,tuk,1,21,0,0,1654.0
7.34,tuk,1,23,0,0,979.0
62.26,train,3,14,0,0,465.0
174.54,train,3,17,1,1,999.0
166.17,bus,2,23,0,0,1114.0
220.07,bus,2,9,1,1,1135.0
68.56,bus,2,2,0,0,421.0
227.4,train,3,21,0,0,1170.0
15.06,train,3,15,0,0,184.0
130.15,bus,2,10,0,0,698.0
325.5,train,3,17,1,1,1672.0
215.2,bus,2,0,0,0,1084.0
146.18,bus,2,11,0,2,906.0
176.43,train,3,6,0,0,915.0
204.77,bus,2,6,0,0,1253.0
135.16,bus,2,23,0,1,842.0
18.97,tuk,1,13,0,0,2239.0
154.86,bus,2,3,0,0,873.0
78.62,bus,2,8,1,1,487.0
239.51,bus,2,5,0,0,1146.0
68.74,bus,2,21,0,0,425.0
13.99,tuk,1,6,0,0,1740.0
274.0,train,3,8,1,0,1631.0
12.93,tuk,1,8,1,0,1652.0
260.4,train,3,4,0,0,1614.0
17.39,tuk,1,18,1,0,1889.0
82.17,bus,2,13,0,2,601.0
181.09,bus,2,10,0,0,1238.0
286.34,train,3,9,1,0,1442.0
1.73,tuk,1,16,0,0,317.0
163.75,train,3,2,0,1,1114.0
190.89,bus,2,22,0,0,1255.0
209.04,bus,2,13,0,0,1178.0
189.39,bus,2,5,0,0,911.0
0.56,walk,0,12,0,0,0.0
22.77,bus,2,20,0,0,195.0
2.13,tuk,1,4,0,0,378.0
5.4,tuk,1,12,0,0,679.0
96.3,bus,2,14,0,2,599.0
194.58,bus,2,19,1,0,1315.0
0.32,walk,0,13,0,0,0.0
1.47,walk,0,17,1,0,0.0
4.55,tuk,1,18,1,0,641.0
9.8,tuk,1,21,0,0,1122.0
36.1,bus,2,8,1,0,250.0
11.91,tuk,1,16,0,0,1343.0
348.93,train,3,5,0,0,2098.0
18.39,tuk,1,20,0,0,2108.0
0.63,walk,0,22,0,0,0.0
135.42,train,3,7,1,1,922.0
14.27,tuk,1,13,0,0,1468.0
182.18,bus,2,19,1,0,929.0
15.26,taxi,4,0,0,0,2578.0
60.98,train,3,16,0,0,419.0
226.91,train,3,19,1,0,1203.0
1.92,walk,0,20,0,0,0.0
197.41,bus,2,4,0,1,1363.0
70.78,taxi,4,18,1,0,11737.0
51.14,train,3,18,1,0,365.0
11.0,tuk,1,0,0,0,1356.0
82.48,bus,2,16,0,1,615.0
0.62,tuk,1,15,0,0,225.0
13.76,tuk,1,23,0,0,1488.0
210.32,bus,2,1,0,0,1308.0
5.86,tuk,1,23,0,0,749.0
12.59,tuk,1,13,0,0,1401.0
0.76,walk,0,6,0,0,0.0
222.38,bus,2,9,1,0,1225.0
14.65,tuk,1,18,1,0,1679.0
226.39,bus,2,23,0,1,1455.0
15.63,tuk,1,7,1,0,1648.0
83.41,taxi,4,23,0,0,11908.0
2.48,tuk,1,15,0,0,381.0
127.7,bus,2,4,0,2,760.0
9.16,tuk,1,14,0,0,1004.0
0.24,walk,0,19,1,0,0.0
18.45,tuk,1,1,0,0,2057.0
0.35,walk,0,1,0,0,0.0
2.25,tuk,1,0,0,0,368.0
146.0,bus,2,13,0,0,986.0
38.79,bus,2,1,0,0,295.0
1.25,walk,0,22,0,0,0.0
176.08,bus,2,3,0,0,1099.0
82.34,bus,2,1,0,0,461.0
6.77,tuk,1,6,0,0,933.0
182.78,bus,2,18,1,0,1089.0
1.53,walk,0,21,0,0,0.0
11.93,tuk,1,6,0,0,1295.0
247.9,bus,2,12,0,1,1327.0
34.19,taxi,4,18,1,0,5326.0
18.8,taxi,4,19,1,0,3524.0
45.85,taxi,4,3,0,0,7097.0
55.39,bus,2,20,0,1,373.0
0.67,walk,0,20,0,0,0.0
3.55,tuk,1,17,1,0,570.0
1.66,tuk,1,12,0,0,293.0
0.92,walk,0,9,1,0,0.0
1.4,walk,0,21,0,0,0.0
94.6,bus,2,20,0,0,556.0
15.61,tuk,1,12,0,0,1849.0
10.02,tuk,1,17,1,0,1292.0
253.03,train,3,9,1,0,1158.0
93.0,bus,2,17,1,0,614.0
201.02,train,3,2,0,0,1308.0
17.55,tuk,1,21,0,0,1936.0
123.05,bus,2,12,0,0,737.0
17.71,tuk,1,14,0,0,2101.0
5.05,bus,2,4,0,1,160.0
15.87,tuk,1,12,0,0,1881.0
13.99,tuk,1,0,0,0,1467.0
153.1,bus,2,21,0,0,1015.0
8.73,tuk,1,17,1,0,1127.0
13.58,tuk,1,10,0,0,1460.0
121.43,train,3,20,0,0,699.0
1.75,walk,0,19,1,0,0.0
9.42,bus,2,2,0,0,117.0
246.39,bus,2,1,0,1,1553.0
16.8,tuk,1,6,0,0,1841.0
78.68,bus,2,0,0,0,455.0
0.98,walk,0,13,0,0,0.0
15.66,train,3,12,0,0,152.0
8.35,tuk,1,12,0,0,1026.0
1.1,tuk,1,1,0,0,274.0
4.53,tuk,1,22,0,0,602.0
299.73,train,3,23,0,0,1748.0
112.79,train,3,14,0,0,622.0
239.54,train,3,0,0,0,1208.0
212.26,bus,2,9,1,1,1188.0
151.89,bus,2,17,1,1,821.0
130.29,bus,2,17,1,0,680.0
124.01,train,3,5,0,0,806.0
54.51,bus,2,19,1,0,357.0
147.95,bus,2,23,0,1,1063.0
10.49,bus,2,12,0,0,132.0
47.78,bus,2,9,1,0,305.0
12.63,tuk,1,12,0,0,1479.0
180.13,bus,2,0,0,0,1094.0
15.09,tuk,1,12,0,0,1776.0
26.54,train,3,0,0,0,254.0
78.59,bus,2,0,0,0,517.0
190.88,train,3,13,0,0,944.0
56.0,bus,2,12,0,1,403.0
235.88,train,3,23,0,0,1257.0
11.99,tuk,1,12,0,0,1380.0
200.28,train,3,23,0,0,1179.0
185.85,bus,2,19,1,0,1009.0
11.72,tuk,1,8,1,0,1349.0
15.76,tuk,1,22,0,0,1643.0
17.06,tuk,1,11,0,0,1989.0
90.84,bus,2,14,0,0,548.0
72.24,train,3,2,0,1,547.0
336.6,train,3,5,0,0,2115.0
151.48,bus,2,12,0,0,738.0
55.58,bus,2,6,0,1,399.0
237.06,bus,2,14,0,0,1182.0
298.36,train,3,1,0,0,1601.0
126.3,train,3,6,0,0,771.0
4.21,tuk,1,15,0,0,610.0
101.17,taxi,4,14,0,0,16266.0
20.06,bus,2,23,0,0,194.0
210.41,train,3,21,0,0,1282.0
44.73,taxi,4,19,1,0,6969.0
75.56,train,3,0,0,0,432.0
0.71,tuk,1,14,0,0,221.0
53.12,bus,2,5,0,0,325.0
19.92,tuk,1,6,0,0,2229.0
187.88,train,3,5,0,1,934.0
0.58,tuk,1,10,0,0,211.0
90.32,bus,2,2,0,0,577.0
113.74,train,3,12,0,0,668.0
7.21,tuk,1,3,0,0,871.0
98.59,bus,2,12,0,0,559.0
8.42,bus,2,15,0,0,74.0
68.84,bus,2,4,0,0,481.0
7.05,tuk,1,2,0,0,784.0
1.22,walk,0,19,1,0,0.0
159.73,bus,2,17,1,0,780.0
109.26,bus,2,6,0,0,629.0
108.24,bus,2,21,0,1,603.0
9.91,tuk,1,5,0,0,1167.0
31.76,bus,2,22,0,0,211.0
74.49,bus,2,2,0,0,428.0
0.73,tuk,1,15,0,0,243.0
171.12,train,3,0,0,0,847.0
17.21,tuk,1,4,0,0,1977.0
179.79,bus,2,9,1,1,1011.0
190.0,train,3,2,0,0,978.0
217.38,bus,2,10,0,1,1375.0
33.49,bus,2,5,0,0,277.0
1.26,walk,0,2,0,0,0.0
7.48,tuk,1,23,0,0,952.0
10.64,tuk,1,23,0,0,1127.0
159.22,train,3,23,0,0,1065.0
113.52,train,3,3,0,0,561.0
17.83,tuk,1,9,1,0,2179.0
15.3,tuk,1,7,1,0,1876.0
17.5,tuk,1,7,1,0,2203.0
186.77,bus,2,9,1,0,1264.0
112.4,bus,2,12,0,0,575.0
128.75,bus,2,11,0,0,786.0
317.36,train,3,7,1,1,1987.0
12.94,tuk,1,23,0,0,1540.0
124.08,bus,2,23,0,0,818.0
148.44,bus,2,7,1,1,821.0
2.57,tuk,1,5,0,0,413.0
23.65,train,3,12,0,0,186.0
1.93,walk,0,8,1,0,0.0
197.86,train,3,23,0,0,1111.0
104.75,train,3,10,0,0,688.0
213.59,train,3,0,0,0,1208.0
62.9,bus,2,3,0,1,477.0
17.14,tuk,1,1,0,0,1742.0
60.9,train,3,9,1,0,397.0
170.31,train,3,7,1,1,1002.0
60.32,bus,2,20,0,0,420.0
293.04,train,3,21,0,0,1430.0
15.77,tuk,1,3,0,0,1677.0
194.36,bus,2,22,0,0,999.0
116.51,train,3,14,0,0,665.0
19.48,tuk,1,7,1,0,2070.0
51.84,bus,2,9,1,0,424.0
42.31,taxi,4,10,0,0,6321.0
97.21,train,3,4,0,0,569.0
130.59,train,3,20,0,0,748.0
92.26,bus,2,0,0,1,613.0
9.47,taxi,4,1,0,0,1974.0
5.2,tuk,1,6,0,0,681.0
172.63,bus,2,3,0,0,908.0
21.85,bus,2,1,0,0,140.0
168.55,train,3,9,1,0,932.0
23.1,train,3,9,1,0,258.0
102.24,train,3,3,0,0,709.0
54.55,bus,2,19,1,0,387.0
57.33,bus,2,21,0,1,410.0
59.7,bus,2,17,1,0,395.0
138.87,bus,2,12,0,0,841.0
1.56,walk,0,22,0,0,0.0
51.53,bus,2,8,1,0,396.0
189.22,train,3,10,0,0,1233.0
267.16,train,3,0,0,1,1419.0
151.8,train,3,16,0,0,829.0
169.45,bus,2,2,0,0,807.0
33.71,bus,2,15,0,0,241.0
0.82,walk,0,18,1,0,0.0
206.32,bus,2,5,0,0,1063.0
208.13,bus,2,14,0,0,1079.0
4.5,tuk,1,7,1,0,682.0
1.77,walk,0,9,1,0,0.0
15.15,bus,2,12,0,1,169.0
67.83,bus,2,5,0,1,568.0
64.04,bus,2,19,1,0,388.0
5.13,tuk,1,9,1,0,694.0
18.52,bus,2,11,0,2,269.0
185.13,bus,2,19,1,0,1181.0
74.74,bus,2,5,0,0,471.0
238.51,bus,2,10,0,1,1428.0
0.83,walk,0,23,0,0,0.0
202.6,train,3,9,1,0,959.0
1.34,walk,0,2,0,0,0.0
249.06,bus,2,6,0,0,1490.0
17.51,tuk,1,22,0,0,1722.0
237.17,bus,2,18,1,0,1203.0
5.08,tuk,1,19,1,0,678.0
152.77,train,3,6,0,0,1021.0
43.76,bus,2,20,0,1,332.0
11.14,bus,2,9,1,2,259.0
5.12,tuk,1,19,1,0,713.0
0.65,walk,0,21,0,0,0.0
85.56,bus,2,4,0,0,480.0
6.18,bus,2,22,0,0,92.0
210.5,bus,2,15,0,0,1129.0
17.62,taxi,4,17,1,0,3267.0
153.5,train,3,18,1,0,834.0
90.17,taxi,4,4,0,0,14731.0
5.46,tuk,1,17,1,0,800.0
106.22,train,3,5,0,0,664.0
203.76,bus,2,6,0,0,1211.0
128.22,bus,2,2,0,0,768.0
128.86,taxi,4,4,0,0,18059.0
186.67,bus,2,23,0,1,1160.0
139.2,train,3,7,1,0,779.0
338.8,train,3,9,1,0,1734.0
14.41,tuk,1,11,0,0,1764.0
246.86,bus,2,17,1,0,1316.0
50.7,bus,2,13,0,0,312.0
313.21,train,3,12,0,0,1460.0
118.55,train,3,20,0,0,756.0
4.15,tuk,1,11,0,0,609.0
2.05,tuk,1,18,1,0,389.0
0.27,walk,0,21,0,0,0.0
74.53,bus,2,16,0,0,532.0
1.5,walk,0,0,0,0,0.0
349.87,train,3,6,0,0,1963.0
200.27,bus,2,14,0,0,1070.0
198.32,train,3,11,0,0,1000.0
3.46,tuk,1,6,0,0,555.0
148.57,bus,2,8,1,0,1031.0
13.43,tuk,1,1,0,0,1636.0
208.45,train,3,5,0,1,1419.0
18.42,tuk,1,18,1,0,2292.0
8.9,tuk,1,0,0,0,1086.0
3.61,tuk,1,20,0,0,510.0
152.35,train,3,8,1,0,1029.0
18.99,tuk,1,19,1,0,2161.0
33.9,bus,2,6,0,0,278.0
166.49,train,3,19,1,0,1000.0
227.42,train,3,13,0,0,1179.0
17.04,tuk,1,20,0,0,1766.0
1.48,walk,0,1,0,0,0.0
36.07,bus,2,19,1,0,222.0
9.86,tuk,1,6,0,0,1225.0
92.37,bus,2,8,1,0,482.0
31.06,bus,2,1,0,0,256.0
67.45,bus,2,22,0,0,458.0
0.91,tuk,1,15,0,0,209.0
85.87,bus,2,23,0,0,430.0
17.6,tuk,1,13,0,0,2016.0
193.35,bus,2,3,0,0,1160.0
0.65,walk,0,8,1,0,0.0
92.61,taxi,4,10,0,0,14787.0
236.95,bus,2,3,0,0,1269.0
4.09,tuk,1,22,0,0,553.0
1.64,walk,0,22,0,0,0.0
10.18,tuk,1,13,0,0,1102.0
3.2,tuk,1,14,0,0,447.0
10.08,tuk,1,16,0,0,1103.0
39.85,train,3,16,0,0,257.0
181.32,bus,2,1,0,0,1227.0
19.15,tuk,1,12,0,0,2296.0
76.69,bus,2,18,1,0,529.0
13.05,tuk,1,19,1,0,1645.0
101.48,taxi,4,14,0,0,13818.0
0.16,walk,0,21,0,0,0.0
45.94,train,3,14,0,0,359.0
249.49,train,3,9,1,0,1380.0
1.33,walk,0,10,0,0,0.0
11.03,tuk,1,16,0,0,1317.0
202.59,bus,2,21,0,0,1128.0
119.33,train,3,5,0,0,770.0
242.07,bus,2,7,1,0,1175.0
98.77,bus,2,15,0,0,541.0
155.54,train,3,18,1,0,892.0
343.73,train,3,9,1,0,2047.0
209.8,bus,2,15,0,0,1303.0
191.49,bus,2,0,0,1,1329.0
274.19,train,3,7,1,1,1465.0
18.48,tuk,1,22,0,0,2194.0
99.13,train,3,13,0,0,694.0
0.84,walk,0,20,0,0,0.0
10.22,tuk,1,5,0,0,1292.0
91.71,train,3,6,0,0,528.0
5.73,tuk,1,23,0,0,753.0
9.6,tuk,1,23,0,0,1157.0
3.29,tuk,1,21,0,0,474.0
227.4,bus,2,7,1,0,1496.0
343.06,train,3,19,1,1,1598.0
0.58,walk,0,11,0,0,0.0
1.12,walk,0,20,0,0,0.0
62.88,bus,2,20,0,0,433.0
91.3,taxi,4,10,0,0,14185.0
15.36,tuk,1,7,1,0,1805.0
142.83,taxi,4,23,0,0,20989.0
43.88,train,3,10,0,0,295.0
13.1,tuk,1,10,0,0,1357.0
257.37,train,3,15,0,0,1324.0
83.53,bus,2,22,0,0,508.0
200.23,bus,2,3,0,0,1281.0
103.44,bus,2,23,0,0,597.0
54.83,train,3,10,0,0,389.0
69.04,train,3,0,0,0,425.0
343.58,train,3,7,1,0,1931.0
58.55,taxi,4,11,0,0,8823.0
62.33,bus,2,16,0,0,326.0
165.53,train,3,13,0,0,966.0
190.59,train,3,3,0,1,980.0
9.2,tuk,1,11,0,0,1167.0
0.7,walk,0,5,0,0,0.0
222.56,bus,2,6,0,0,1232.0
78.52,train,3,17,1,0,599.0
15.98,tuk,1,19,1,0,1648.0
301.26,train,3,3,0,0,1836.0
0.47,walk,0,14,0,0,0.0
84.03,bus,2,10,0,0,420.0
15.95,bus,2,8,1,0,142.0
15.08,tuk,1,17,1,0,1879.0
333.61,train,3,5,0,0,1459.0
3.66,tuk,1,18,1,0,625.0
284.39,train,3,9,1,0,1519.0
15.58,tuk,1,2,0,0,1647.0
108.86,taxi,4,19,1,0,17213.0
27.08,bus,2,20,0,0,179.0
1.93,walk,0,13,0,0,0.0
0.16,walk,0,17,1,0,0.0
1.48,walk,0,3,0,0,0.0
68.89,bus,2,8,1,0,477.0
28.53,train,3,8,1,0,244.0
208.36,bus,2,18,1,1,1409.0
149.98,bus,2,8,1,1,940.0
179.49,bus,2,17,1,0,1030.0
63.7,bus,2,7,1,0,436.0
212.22,bus,2,14,0,1,1299.0
137.5,bus,2,5,0,1,853.0
193.89,train,3,13,0,0,1138.0
116.6,taxi,4,1,0,0,15768.0
127.93,bus,2,17,1,0,629.0
1.44,walk,0,0,0,0,0.0
2.24,tuk,1,23,0,0,357.0
54.21,bus,2,20,0,0,333.0
0.95,tuk,1,13,0,0,273.0
65.26,train,3,21,0,0,465.0
235.68,bus,2,19,1,0,1135.0
42.49,bus,2,3,0,0,317.0
211.46,train,3,17,1,0,1061.0
15.3,tuk,1,9,1,0,1696.0
134.17,train,3,20,0,0,861.0
1.67,walk,0,20,0,0,0.0
242.3,bus,2,22,0,0,1427.0
43.58,train,3,10,0,0,376.0
16.05,train,3,4,0,1,272.0
56.59,train,3,3,0,1,513.0
200.82,bus,2,3,0,0,1101.0
347.37,train,3,23,0,0,2009.0
231.85,bus,2,14,0,0,1209.0
232.99,bus,2,8,1,0,1460.0
0.28,walk,0,10,0,0,0.0
13.53,tuk,1,4,0,0,1386.0
142.86,bus,2,13,0,0,782.0
1.19,walk,0,10,0,0,0.0
273.51,train,3,19,1,0,1262.0
77.15,train,3,0,0,1,537.0
322.64,train,3,22,0,1,1764.0
5.03,tuk,1,1,0,0,683.0
292.72,train,3,10,0,0,1690.0
0.4,walk,0,8,1,0,0.0
62.62,bus,2,17,1,0,403.0
168.14,train,3,15,0,2,977.0
1.83,walk,0,4,0,0,0.0
0.52,walk,0,11,0,0,0.0
0.82,walk,0,12,0,0,0.0
237.0,bus,2,11,0,1,1603.0
249.26,train,3,0,0,1,1215.0
14.96,tuk,1,4,0,0,1760.0
6.68,tuk,1,12,0,0,860.0
234.1,bus,2,6,0,0,1233.0
1.73,tuk,1,13,0,0,333.0
291.04,train,3,3,0,0,1442.0
196.66,train,3,17,1,0,1120.0
203.87,train,3,4,0,0,1058.0
17.32,train,3,15,0,0,228.0
191.06,bus,2,20,0,0,944.0
346.06,train,3,8,1,0,2066.0
11.19,tuk,1,3,0,0,1362.0
1.5,walk,0,0,0,0,0.0
126.16,bus,2,8,1,1,745.0
0.78,walk,0,2,0,0,0.0
42.67,train,3,21,0,0,351.0
72.07,bus,2,23,0,1,544.0
92.57,taxi,4,23,0,0,12988.0
12.62,tuk,1,22,0,0,1284.0
99.69,bus,2,14,0,0,664.0
25.4,train,3,7,1,1,308.0
6.51,tuk,1,10,0,0,882.0
102.03,bus,2,6,0,1,601.0
199.64,bus,2,20,0,0,1208.0
149.87,taxi,4,10,0,0,22261.0
280.85,train,3,9,1,0,1734.0
8.17,tuk,1,16,0,0,877.0
7.39,bus,2,8,1,0,101.0
238.79,bus,2,8,1,2,1468.0
10.31,tuk,1,5,0,0,1105.0
170.57,bus,2,1,0,0,849.0
4.0,tuk,1,0,0,0,517.0
14.23,tuk,1,9,1,0,1487.0
198.25,bus,2,23,0,1,1334.0
14.21,tuk,1,6,0,0,1671.0
195.1,bus,2,15,0,0,1248.0
13.74,tuk,1,7,1,0,1593.0
245.67,train,3,7,1,0,1226.0
3.04,tuk,1,3,0,0,442.0
136.49,train,3,13,0,0,738.0
1.77,walk,0,15,0,0,0.0
164.89,bus,2,8,1,0,987.0
0.62,tuk,1,12,0,0,227.0
16.34,tuk,1,11,0,0,1635.0
214.91,bus,2,6,0,2,1211.0
192.38,train,3,16,0,0,1214.0
103.86,train,3,13,0,0,637.0
12.35,tuk,1,1,0,0,1338.0
17.52,tuk,1,11,0,0,1964.0
20.48,train,3,9,1,0,247.0
42.97,bus,2,19,1,2,368.0
0.6,tuk,1,7,1,0,233.0
265.92,train,3,22,0,0,1407.0
207.73,bus,2,14,0,0,1015.0
93.32,bus,2,3,0,0,687.0
116.04,bus,2,9,1,1,731.0
62.88,bus,2,21,0,0,415.0
4.56,tuk,1,6,0,0,586.0
311.8,train,3,16,0,1,1530.0
10.23,tuk,1,18,1,0,1256.0
89.67,train,3,16,0,1,675.0
190.36,train,3,2,0,0,1179.0
146.48,train,3,8,1,0,879.0
0.88,walk,0,8,1,0,0.0
4.43,tuk,1,8,1,0,605.0
76.26,bus,2,21,0,0,472.0
173.35,bus,2,0,0,0,846.0
287.74,train,3,12,0,1,1846.0
225.04,bus,2,23,0,0,1350.0
103.71,train,3,21,0,0,611.0
1.23,tuk,1,14,0,0,268.0
10.61,bus,2,23,0,0,89.0
0.16,walk,0,9,1,0,0.0
113.44,train,3,14,0,1,707.0
18.51,tuk,1,13,0,0,1896.0
0.93,tuk,1,1,0,0,250.0
287.69,train,3,0,0,0,1724.0
39.26,bus,2,21,0,0,331.0
0.37,walk,0,4,0,0,0.0
0.83,walk,0,8,1,0,0.0
204.46,bus,2,14,0,1,1068.0
8.2,tuk,1,13,0,0,981.0
0.75,tuk,1,12,0,0,197.0
62.39,bus,2,23,0,0,387.0
4.76,tuk,1,18,1,0,727.0
92.12,bus,2,22,0,0,481.0
127.29,bus,2,15,0,0,694.0
14.78,tuk,1,23,0,0,1506.0
19.16,tuk,1,14,0,0,2292.0
4.37,tuk,1,13,0,0,579.0
1.66,walk,0,19,1,0,0.0
15.68,tuk,1,20,0,0,1893.0
338.18,train,3,1,0,1,2136.0
119.99,train,3,21,0,0,562.0
87.46,bus,2,16,0,0,568.0
104.95,bus,2,21,0,1,721.0
155.9,bus,2,17,1,2,1103.0
67.07,train,3,22,0,0,517.0
15.03,tuk,1,6,0,0,1707.0
4.59,tuk,1,4,0,0,587.0
11.85,tuk,1,4,0,0,1411.0
0.15,walk,0,6,0,0,0.0
16.14,tuk,1,5,0,0,1837.0
131.55,train,3,10,0,0,806.0
31.68,train,3,4,0,0,268.0
14.4,tuk,1,3,0,0,1463.0
191.48,bus,2,12,0,1,1256.0
236.33,bus,2,19,1,0,1124.0
110.67,bus,2,3,0,0,737.0
197.93,bus,2,12,0,1,1064.0
1.34,walk,0,15,0,0,0.0
107.81,train,3,16,0,0,679.0
80.64,taxi,4,2,0,0,13303.0
215.1,bus,2,17,1,1,1449.0
91.1,bus,2,0,0,1,488.0
123.58,bus,2,5,0,0,820.0
16.55,tuk,1,7,1,0,1775.0
15.72,tuk,1,20,0,0,1689.0
248.07,bus,2,4,0,0,1509.0
1.46,walk,0,18,1,0,0.0
166.33,train,3,23,0,0,930.0
234.6,bus,2,23,0,1,1608.0
11.85,bus,2,7,1,0,123.0
7.14,tuk,1,2,0,0,971.0
35.76,taxi,4,5,0,0,6192.0
1.92,tuk,1,18,1,0,348.0
10.15,tuk,1,4,0,0,1198.0
13.79,tuk,1,15,0,0,1657.0
170.23,bus,2,8,1,0,982.0
61.72,taxi,4,18,1,0,9774.0
11.37,tuk,1,14,0,0,1280.0
140.09,train,3,14,0,0,804.0
18.59,tuk,1,18,1,0,2188.0
111.9,bus,2,22,0,1,778.0
1.49,walk,0,8,1,0,0.0
130.52,bus,2,12,0,0,829.0
186.22,bus,2,15,0,0,945.0
161.85,bus,2,19,1,0,870.0
5.07,tuk,1,11,0,0,661.0
265.0,train,3,8,1,1,1407.0
93.93,taxi,4,20,0,0,12769.0
148.81,bus,2,22,0,0,944.0
101.25,bus,2,13,0,0,521.0
166.5,train,3,2,0,0,985.0
3.38,tuk,1,6,0,0,474.0
105.03,train,3,11,0,0,707.0
6.25,tuk,1,16,0,0,876.0
85.97,train,3,16,0,0,573.0
5.54,tuk,1,19,1,0,807.0
6.58,tuk,1,0,0,0,732.0
132.9,bus,2,11,0,0,671.0
11.02,bus,2,16,0,0,109.0
204.2,train,3,23,0,0,1345.0
5.02,taxi,4,3,0,0,1166.0
19.52,tuk,1,21,0,0,2194.0
19.71,tuk,1,0,0,0,2334.0
219.59,bus,2,4,0,0,1269.0
197.21,bus,2,20,0,0,1161.0
86.62,bus,2,18,1,0,609.0
103.41,train,3,23,0,0,648.0
201.29,train,3,14,0,0,1245.0
0.52,walk,0,14,0,0,0.0
55.83,bus,2,12,0,0,292.0
69.62,bus,2,12,0,0,430.0
216.93,bus,2,12,0,0,1177.0
1.92,tuk,1,7,1,0,381.0
193.75,bus,2,20,0,0,962.0
154.36,bus,2,8,1,0,932.0
14.26,tuk,1,14,0,0,1463.0
141.08,train,3,16,0,0,765.0
10.61,tuk,1,12,0,0,1098.0
69.77,bus,2,14,0,0,412.0
213.7,bus,2,1,0,0,1326.0
331.68,train,3,7,1,1,1669.0
2.82,tuk,1,10,0,0,438.0
0.57,tuk,1,9,1,0,250.0
3.45,tuk,1,21,0,0,549.0
114.8,bus,2,21,0,0,598.0
17.67,tuk,1,17,1,0,2065.0
298.0,train,3,8,1,0,1761.0
8.49,tuk,1,1,0,0,1063.0
1.98,walk,0,18,1,0,0.0
121.09,bus,2,21,0,1,857.0
328.77,train,3,11,0,2,2212.0
94.76,train,3,19,1,0,535.0
199.98,train,3,22,0,0,1231.0
157.87,bus,2,13,0,0,896.0
257.48,train,3,5,0,1,1482.0
135.78,bus,2,0,0,0,715.0
9.35,tuk,1,18,1,0,1153.0
93.55,bus,2,13,0,0,628.0
113.14,train,3,3,0,0,756.0
8.84,tuk,1,1,0,0,1013.0
40.17,bus,2,23,0,1,373.0
121.76,bus,2,7,1,0,825.0
31.37,bus,2,7,1,2,345.0
1.04,walk,0,15,0,0,0.0
237.91,bus,2,8,1,0,1298.0
25.98,train,3,21,0,0,223.0
18.85,tuk,1,16,0,0,2239.0
245.09,bus,2,8,1,0,1321.0
0.52,walk,0,6,0,0,0.0
1.93,walk,0,20,0,0,0.0
111.47,taxi,4,14,0,0,17583.0
172.31,bus,2,22,0,0,929.0
245.84,bus,2,8,1,0,1310.0
19.57,tuk,1,0,0,0,1963.0
111.47,taxi,4,21,0,0,17132.0
6.92,tuk,1,5,0,0,873.0
269.01,train,3,20,0,0,1576.0
15.46,tuk,1,17,1,0,1600.0
1.09,walk,0,5,0,0,0.0
195.4,bus,2,18,1,1,1324.0
0.26,walk,0,1,0,0,0.0
65.41,bus,2,9,1,1,484.0
0.7,tuk,1,8,1,0,263.0
55.76,train,3,15,0,0,388.0
324.85,train,3,12,0,0,1486.0
221.05,train,3,14,0,0,1367.0
1.88,walk,0,11,0,0,0.0
29.21,train,3,17,1,2,400.0
42.44,taxi,4,3,0,0,7040.0
16.61,tuk,1,17,1,0,1780.0
5.77,tuk,1,1,0,0,756.0
87.51,train,3,2,0,0,580.0
5.82,tuk,1,17,1,0,840.0
195.9,bus,2,3,0,0,1339.0
224.98,train,3,18,1,1,1394.0
1.71,walk,0,3,0,0,0.0
195.59,bus,2,3,0,0,1276.0
92.32,bus,2,22,0,2,599.0
13.53,tuk,1,4,0,0,1662.0
194.71,train,3,21,0,0,1122.0
11.06,tuk,1,8,1,0,1169.0
156.01,bus,2,19,1,1,873.0
272.39,train,3,22,0,0,1582.0
12.22,tuk,1,2,0,0,1541.0
60.25,train,3,7,1,0,459.0
1.96,walk,0,13,0,0,0.0
178.49,bus,2,20,0,0,1082.0
1.1,walk,0,4,0,0,0.0
134.09,bus,2,4,0,0,843.0
287.49,train,3,8,1,0,1448.0
285.01,train,3,4,0,1,1420.0
115.18,taxi,4,6,0,0,18261.0
8.95,bus,2,3,0,0,92.0
60.09,train,3,19,1,0,395.0
229.09,bus,2,19,1,0,1328.0
334.79,train,3,3,0,0,2060.0
71.65,bus,2,12,0,2,550.0
278.56,train,3,15,0,0,1677.0
5.13,tuk,1,15,0,0,659.0
32.97,bus,2,23,0,1,281.0
283.29,train,3,15,0,0,1460.0
2.42,tuk,1,16,0,0,389.0
2.89,tuk,1,0,0,0,451.0
71.05,taxi,4,1,0,0,10975.0
54.01,bus,2,14,0,0,408.0
13.36,tuk,1,21,0,0,1572.0
2.19,tuk,1,9,1,0,402.0
219.0,bus,2,15,0,0,1268.0
237.93,bus,2,5,0,0,1428.0
50.01,train,3,10,0,0,287.0
70.59,taxi,4,18,1,0,11719.0
103.23,bus,2,15,0,1,660.0
157.93,bus,2,2,0,0,973.0
6.71,tuk,1,21,0,0,856.0
95.9,train,3,22,0,0,685.0
6.39,tuk,1,11,0,0,888.0
13.87,tuk,1,8,1,0,1454.0
47.7,taxi,4,12,0,0,7895.0
78.99,train,3,19,1,0,616.0
5.55,tuk,1,10,0,0,779.0
66.91,bus,2,0,0,0,354.0
236.2,bus,2,1,0,0,1576.0
12.36,tuk,1,19,1,0,1577.0
4.54,tuk,1,18,1,0,693.0
18.2,tuk,1,18,1,0,2022.0
192.67,bus,2,3,0,0,1267.0
8.13,bus,2,4,0,0,94.0
64.29,bus,2,9,1,2,533.0
4.3,tuk,1,5,0,0,615.0
187.72,train,3,9,1,0,975.0
240.71,bus,2,13,0,0,1306.0
172.35,train,3,6,0,0,876.0
9.07,tuk,1,2,0,0,996.0
132.49,bus,2,9,1,0,671.0
113.11,train,3,17,1,0,665.0
6.74,tuk,1,14,0,0,825.0
19.09,tuk,1,7,1,0,1981.0
16.73,tuk,1,7,1,0,2051.0
11.03,tuk,1,14,0,0,1146.0
150.67,bus,2,4,0,0,835.0
2.08,tuk,1,20,0,0,358.0
15.56,tuk,1,20,0,0,1625.0
121.64,bus,2,0,0,0,741.0
0.78,walk,0,23,0,0,0.0
4.31,tuk,1,0,0,0,566.0
65.19,bus,2,11,0,1,510.0
11.44,tuk,1,16,0,0,1406.0
6.02,tuk,1,7,1,0,764.0
1.87,tuk,1,4,0,0,333.0
1.0,walk,0,1,0,0,0.0
65.6,bus,2,17,1,1,433.0
0.66,walk,0,0,0,0,0.0
10.69,tuk,1,11,0,0,1114.0
132.23,taxi,4,9,1,0,19055.0
215.9,train,3,23,0,1,1293.0
0.68,tuk,1,22,0,0,234.0
9.19,tuk,1,19,1,0,1060.0
99.21,bus,2,17,1,0,552.0
240.39,train,3,13,0,1,1249.0
281.78,train,3,8,1,0,1527.0
7.5,tuk,1,3,0,0,1011.0
14.66,tuk,1,23,0,0,1548.0
80.98,bus,2,9,1,0,462.0
285.88,train,3,10,0,0,1417.0
83.46,train,3,3,0,0,502.0
2.95,tuk,1,6,0,0,442.0
103.8,bus,2,15,0,0,681.0
4.98,tuk,1,10,0,0,630.0
128.94,bus,2,14,0,0,878.0
67.9,train,3,5,0,0,403.0
171.08,bus,2,1,0,1,1099.0
1.5,walk,0,21,0,0,0.0
93.32,bus,2,10,0,0,655.0
59.36,bus,2,8,1,1,428.0
187.61,train,3,6,0,0,974.0
2.97,tuk,1,15,0,0,485.0
130.65,train,3,13,0,1,963.0
3.99,tuk,1,9,1,0,619.0
19.35,tuk,1,22,0,0,2034.0
10.13,tuk,1,21,0,0,1262.0
1.3,walk,0,4,0,0,0.0
2.71,tuk,1,15,0,0,416.0
109.76,bus,2,23,0,0,711.0
3.04,tuk,1,11,0,0,487.0
12.16,tuk,1,0,0,0,1321.0
16.43,tuk,1,3,0,0,2000.0
1.43,walk,0,16,0,0,0.0
41.43,train,3,21,0,0,327.0
342.49,train,3,3,0,0,2041.0
0.15,walk,0,13,0,0,0.0
198.61,train,3,11,0,1,1152.0
201.92,train,3,6,0,0,1111.0
102.15,taxi,4,15,0,0,15844.0
6.41,tuk,1,21,0,0,777.0
4.24,tuk,1,5,0,0,568.0
36.97,bus,2,1,0,0,272.0
280.21,train,3,8,1,0,1556.0
232.94,train,3,7,1,0,1235.0
216.07,bus,2,17,1,0,1107.0
9.28,tuk,1,12,0,0,1057.0
293.89,train,3,0,0,1,1601.0
51.37,train,3,8,1,1,470.0
26.67,bus,2,17,1,0,216.0
52.24,bus,2,11,0,0,300.0
215.7,bus,2,13,0,1,1306.0
11.45,bus,2,6,0,0,113.0
45.38,bus,2,7,1,0,334.0
251.23,train,3,3,0,0,1246.0
72.06,taxi,4,1,0,0,11482.0
61.86,bus,2,0,0,0,437.0
8.87,tuk,1,14,0,0,960.0
114.88,bus,2,3,0,0,724.0
19.39,tuk,1,13,0,0,2313.0
18.84,tuk,1,22,0,0,2212.0
1.57,walk,0,16,0,0,0.0
128.93,bus,2,13,0,0,842.0
6.73,tuk,1,2,0,0,863.0
17.81,tuk,1,11,0,0,1961.0
83.03,train,3,21,0,0,485.0
17.49,tuk,1,9,1,0,1890.0
190.59,bus,2,19,1,0,1253.0
175.07,train,3,17,1,0,998.0
118.71,bus,2,6,0,0,611.0
0.55,tuk,1,3,0,0,216.0
15.21,tuk,1,0,0,0,1663.0
164.43,bus,2,6,0,0,1005.0
231.0,bus,2,7,1,0,1439.0
10.27,tuk,1,15,0,0,1317.0
211.56,bus,2,13,0,1,1367.0
195.18,bus,2,11,0,1,1158.0
17.59,tuk,1,17,1,0,2033.0
214.05,bus,2,18,1,1,1308.0
1.41,walk,0,17,1,0,0.0
6.57,tuk,1,21,0,0,788.0
328.9,train,3,8,1,0,1763.0
14.79,tuk,1,19,1,0,1571.0
235.55,bus,2,10,0,0,1320.0
161.53,bus,2,4,0,0,960.0
18.47,tuk,1,3,0,0,2007.0
24.14,train,3,2,0,0,262.0
13.68,tuk,1,22,0,0,1639.0
7.59,tuk,1,4,0,0,874.0
243.63,train,3,20,0,0,1386.0
95.0,train,3,18,1,0,542.0
135.57,bus,2,10,0,0,823.0
0.44,walk,0,21,0,0,0.0
19.91,tuk,1,21,0,0,2307.0
191.13,bus,2,22,0,0,1131.0
19.25,tuk,1,11,0,0,2038.0
11.26,tuk,1,7,1,0,1326.0
277.45,train,3,1,0,0,1507.0
17.54,tuk,1,20,0,0,1813.0
0.12,walk,0,20,0,0,0.0
1.5,walk,0,12,0,0,0.0
173.46,bus,2,1,0,0,814.0
52.4,bus,2,19,1,1,469.0
346.92,train,3,7,1,0,2080.0
8.93,tuk,1,13,0,0,957.0
18.0,tuk,1,15,0,0,2076.0
156.14,bus,2,3,0,1,946.0
102.23,bus,2,1,0,1,757.0
245.32,bus,2,1,0,0,1537.0
279.45,train,3,23,0,0,1351.0
172.41,bus,2,22,0,0,924.0
102.72,bus,2,10,0,1,730.0
90.06,taxi,4,10,0,0,12842.0
1.76,walk,0,9,1,0,0.0
183.02,train,3,8,1,0,1007.0
179.49,bus,2,13,0,0,1048.0
237.25,bus,2,8,1,0,1357.0
277.17,train,3,14,0,1,1853.0
63.6,bus,2,9,1,0,367.0
244.54,bus,2,15,0,0,1331.0
1.2,tuk,1,22,0,0,289.0
203.7,bus,2,4,0,0,1277.0
230.03,bus,2,1,0,0,1102.0
16.67,tuk,1,12,0,0,1887.0
59.43,train,3,2,0,1,453.0
181.58,bus,2,5,0,0,1148.0
249.98,bus,2,18,1,1,1575.0
0.12,walk,0,10,0,0,0.0
10.59,bus,2,13,0,1,161.0
0.71,walk,0,18,1,0,0.0
0.54,walk,0,3,0,0,0.0
195.3,bus,2,11,0,0,1087.0
1.32,walk,0,0,0,0,0.0
19.84,tuk,1,11,0,0,2290.0
101.69,bus,2,5,0,2,823.0
2.91,tuk,1,21,0,0,427.0
16.85,taxi,4,6,0,0,3148.0
90.91,train,3,4,0,1,634.0
201.03,bus,2,0,0,2,1237.0
118.14,taxi,4,3,0,0,16281.0
302.2,train,3,5,0,0,1751.0
5.66,tuk,1,5,0,0,724.0
347.74,train,3,17,1,0,1899.0
19.65,tuk,1,21,0,0,2404.0
106.33,bus,2,20,0,0,653.0
111.55,bus,2,22,0,0,606.0
1.22,walk,0,21,0,0,0.0
10.86,tuk,1,10,0,0,1381.0
119.41,taxi,4,9,1,0,17210.0
14.99,tuk,1,15,0,0,1544.0
18.89,tuk,1,7,1,0,2017.0
9.03,tuk,1,14,0,0,1039.0
163.46,bus,2,23,0,2,1134.0
99.22,train,3,4,0,0,664.0
50.97,train,3,18,1,0,367.0
48.07,bus,2,22,0,1,410.0
9.47,tuk,1,12,0,0,1141.0
1.52,walk,0,8,1,0,0.0
53.21,bus,2,6,0,1,421.0
91.16,train,3,4,0,1,692.0
340.0,train,3,7,1,0,1564.0
93.15,bus,2,17,1,0,665.0
107.59,bus,2,12,0,1,758.0
179.5,bus,2,5,0,0,1244.0
126.8,bus,2,13,0,1,803.0
51.98,bus,2,19,1,0,313.0
205.43,bus,2,0,0,1,1220.0
203.8,bus,2,0,0,0,1285.0
227.89,train,3,23,0,1,1423.0
171.66,bus,2,17,1,0,934.0
1.05,walk,0,13,0,0,0.0
6.29,tuk,1,21,0,0,749.0
117.97,bus,2,14,0,0,643.0
34.32,bus,2,12,0,0,258.0
123.42,bus,2,5,0,0,691.0
169.8,train,3,19,1,0,1003.0
5.66,tuk,1,18,1,0,840.0
15.39,bus,2,7,1,0,184.0
16.29,train,3,17,1,0,177.0
108.92,bus,2,17,1,0,722.0
8.43,bus,2,2,0,0,123.0
2.52,tuk,1,3,0,0,440.0
62.71,bus,2,14,0,0,451.0
100.08,train,3,14,0,1,659.0
226.32,train,3,15,0,0,988.0
24.66,bus,2,8,1,0,206.0
5.72,tuk,1,20,0,0,718.0
208.57,bus,2,10,0,0,1096.0
119.18,train,3,4,0,0,626.0
18.65,tuk,1,2,0,0,1847.0
87.95,train,3,21,0,0,633.0
1.73,walk,0,16,0,0,0.0
1.29,walk,0,11,0,0,0.0
11.42,tuk,1,5,0,0,1331.0
14.19,tuk,1,2,0,0,1622.0
241.25,train,3,3,0,0,1339.0
130.15,bus,2,2,0,1,777.0
0.82,tuk,1,12,0,0,230.0
192.6,bus,2,4,0,1,1302.0
200.52,bus,2,3,0,0,1104.0
5.45,tuk,1,6,0,0,743.0
12.75,tuk,1,16,0,0,1545.0
191.22,bus,2,11,0,1,1146.0
3.91,tuk,1,3,0,0,542.0
282.95,train,3,17,1,0,1774.0
19.58,tuk,1,11,0,0,2357.0
334.6,train,3,4,0,0,1577.0
345.83,train,3,16,0,0,1725.0
2.75,tuk,1,23,0,0,461.0
0.1,walk,0,12,0,0,0.0
330.09,train,3,3,0,1,2012.0
33.59,bus,2,7,1,0,272.0
145.14,bus,2,14,0,1,787.0
0.89,walk,0,23,0,0,0.0
15.31,tuk,1,22,0,0,1849.0
152.5,bus,2,22,0,0,1035.0
278.96,train,3,19,1,0,1582.0
12.05,tuk,1,13,0,0,1507.0
221.86,train,3,15,0,0,1272.0
101.67,bus,2,17,1,0,494.0
16.7,tuk,1,17,1,0,1981.0
13.55,tuk,1,15,0,0,1462.0
16.66,tuk,1,3,0,0,1943.0
156.54,bus,2,21,0,0,813.0
223.79,bus,2,0,0,0,1414.0
135.19,bus,2,10,0,0,876.0
4.19,tuk,1,10,0,0,615.0
185.88,bus,2,23,0,0,1124.0
102.74,bus,2,2,0,0,513.0
126.67,bus,2,11,0,0,823.0
110.73,bus,2,8,1,0,615.0
16.01,tuk,1,2,0,0,1922.0
106.37,bus,2,5,0,1,786.0
229.57,bus,2,10,0,1,1405.0
194.48,bus,2,21,0,0,1311.0
3.04,tuk,1,9,1,0,489.0
65.89,bus,2,21,0,0,407.0
173.56,bus,2,17,1,0,1098.0
6.67,tuk,1,19,1,0,890.0
86.06,train,3,20,0,1,543.0
26.08,train,3,17,1,0,273.0
7.93,tuk,1,17,1,0,1078.0
90.35,bus,2,3,0,1,640.0
86.84,bus,2,17,1,2,705.0
34.4,taxi,4,1,0,0,5968.0
15.02,tuk,1,17,1,0,1659.0
7.51,tuk,1,15,0,0,882.0
80.85,bus,2,18,1,0,442.0
12.05,tuk,1,15,0,0,1419.0
243.4,bus,2,8,1,0,1619.0
146.39,bus,2,8,1,1,809.0
16.53,tuk,1,14,0,0,2000.0
116.98,bus,2,11,0,0,769.0
304.26,train,3,8,1,0,1770.0
119.27,train,3,11,0,0,803.0
81.7,bus,2,12,0,1,542.0
8.91,tuk,1,5,0,0,1144.0
17.55,tuk,1,15,0,0,1856.0
67.2,train,3,7,1,0,501.0
32.61,train,3,6,0,0,244.0
18.43,bus,2,10,0,1,226.0
344.84,train,3,2,0,0,1940.0
16.17,tuk,1,14,0,0,1787.0
122.19,bus,2,17,1,1,744.0
8.91,tuk,1,22,0,0,965.0
1.79,tuk,1,6,0,0,339.0
28.61,bus,2,12,0,0,215.0
184.63,bus,2,12,0,0,974.0
136.39,train,3,17,1,0,842.0
0.63,tuk,1,14,0,0,211.0
317.16,train,3,19,1,0,1850.0
102.69,train,3,20,0,0,666.0
51.92,bus,2,2,0,0,371.0
336.14,train,3,8,1,0,1966.0
80.66,bus,2,15,0,1,485.0
200.61,bus,2,13,0,0,1113.0
14.68,tuk,1,11,0,0,1777.0
14.32,tuk,1,4,0,0,1687.0
207.71,train,3,13,0,0,1193.0
73.92,bus,2,17,1,0,398.0
5.27,tuk,1,0,0,0,629.0
19.96,tuk,1,14,0,0,2174.0
181.52,bus,2,21,0,0,1070.0
206.35,train,3,13,0,0,1025.0
13.9,tuk,1,22,0,0,1487.0
39.5,train,3,8,1,0,344.0
248.58,bus,2,0,0,0,1403.0
260.06,train,3,16,0,1,1428.0
4.73,tuk,1,5,0,0,653.0
60.89,bus,2,0,0,0,375.0
4.21,tuk,1,4,0,0,588.0
185.37,bus,2,22,0,0,952.0
230.01,train,3,18,1,0,1258.0
63.81,bus,2,6,0,0,394.0
1.39,tuk,1,14,0,0,297.0
99.06,train,3,8,1,0,638.0
0.25,walk,0,4,0,0,0.0
117.7,bus,2,23,0,1,777.0
72.38,taxi,4,19,1,0,10180.0
135.96,bus,2,8,1,0,687.0
20.07,train,3,8,1,1,362.0
126.31,bus,2,19,1,1,782.0
207.27,train,3,11,0,0,1389.0
43.37,bus,2,9,1,0,300.0
147.48,bus,2,9,1,0,985.0
11.63,tuk,1,10,0,0,1359.0
34.45,train,3,12,0,0,305.0
19.69,tuk,1,0,0,0,2329.0
75.69,taxi,4,11,0,0,12407.0
12.66,tuk,1,10,0,0,1342.0
9.71,tuk,1,6,0,0,1203.0
282.95,train,3,8,1,0,1324.0
6.75,tuk,1,10,0,0,862.0
147.22,bus,2,8,1,1,936.0
189.52,train,3,21,0,0,1139.0
2.55,tuk,1,12,0,0,440.0
17.69,tuk,1,12,0,0,2095.0
215.55,bus,2,6,0,0,1404.0
19.23,tuk,1,21,0,0,2078.0
4.15,tuk,1,0,0,0,610.0
0.19,walk,0,13,0,0,0.0
248.54,bus,2,4,0,0,1606.0
11.74,tuk,1,18,1,0,1557.0
0.23,walk,0,9,1,0,0.0
174.34,bus,2,7,1,1,1032.0
17.23,bus,2,1,0,0,181.0
1.89,walk,0,18,1,0,0.0
7.96,tuk,1,9,1,0,1082.0
172.61,train,3,6,0,0,820.0
120.24,bus,2,20,0,0,690.0
35.06,bus,2,0,0,0,272.0
146.48,bus,2,11,0,0,838.0
4.76,tuk,1,3,0,0,626.0
50.06,train,3,3,0,0,373.0
45.99,train,3,0,0,1,411.0
249.31,train,3,4,0,0,1328.0
15.9,tuk,1,22,0,0,1921.0
16.9,tuk,1,10,0,0,1938.0
12.41,tuk,1,23,0,0,1300.0
14.67,tuk,1,6,0,0,1825.0
1.55,tuk,1,18,1,0,284.0
166.13,bus,2,2,0,0,1028.0
9.04,tuk,1,2,0,0,1130.0
163.32,train,3,0,0,0,1060.0
0.95,tuk,1,21,0,0,232.0
1.8,walk,0,16,0,0,0.0
265.27,train,3,17,1,0,1632.0
95.21,train,3,22,0,0,636.0
168.41,bus,2,7,1,0,986.0
116.74,bus,2,17,1,1,868.0
15.66,tuk,1,12,0,0,1736.0
18.29,tuk,1,13,0,0,2090.0
156.29,bus,2,15,0,0,865.0
233.04,bus,2,11,0,1,1369.0
91.04,bus,2,0,0,2,697.0
